strain,paralog,hotspot,Mutated_seq,compound,Nham_aa,aa_seq,aa_pos,alt_aa,wt_aa,fitness_T2,lower_err_T2,upper_err_T2
BY4741,FKS1,HS3,FKS1-HS3,anidulafungin,0,LDTYLWYIIVN,not-applicable,not-applicable,not-applicable,-0.0514276819290356,0.0153048955861554,0.0153048955861554
BY4741,FKS1,HS3,FKS1-HS3,anidulafungin,1,*DTYLWYIIVN,690,*,L,-0.2029381515675932,0.1351795954394725,0.1351795954394725
BY4741,FKS1,HS3,FKS1-HS3,anidulafungin,1,ADTYLWYIIVN,690,A,L,-0.2567191988682663,0.0307214133892854,0.0307214133892854
BY4741,FKS1,HS3,FKS1-HS3,anidulafungin,1,CDTYLWYIIVN,690,C,L,-0.2834243068643555,0.2235767008438352,0.2235767008438351
BY4741,FKS1,HS3,FKS1-HS3,anidulafungin,1,EDTYLWYIIVN,690,E,L,0.7356172911451181,0.0109432770101405,0.0109432770101405
BY4741,FKS1,HS3,FKS1-HS3,anidulafungin,1,FDTYLWYIIVN,690,F,L,0.9686597511927812,0.0077891111298571,0.007789111129857
BY4741,FKS1,HS3,FKS1-HS3,anidulafungin,1,HDTYLWYIIVN,690,H,L,0.585905882741051,0.0028092123837362,0.0028092123837363
BY4741,FKS1,HS3,FKS1-HS3,anidulafungin,1,IDTYLWYIIVN,690,I,L,-0.2094054569874102,0.0814935983157621,0.0814935983157621
BY4741,FKS1,HS3,FKS1-HS3,anidulafungin,1,L*TYLWYIIVN,691,*,D,-0.0020701937797617,0.0083197835248594,0.0083197835248594
BY4741,FKS1,HS3,FKS1-HS3,anidulafungin,1,LATYLWYIIVN,691,A,D,-0.3003928329604782,0.1320657700449833,0.1320657700449833
BY4741,FKS1,HS3,FKS1-HS3,anidulafungin,1,LCTYLWYIIVN,691,C,D,-0.514368587310069,0.1218561438480252,0.121856143848025
BY4741,FKS1,HS3,FKS1-HS3,anidulafungin,1,LD*YLWYIIVN,692,*,T,-0.2696301702501203,0.1521779056908044,0.1521779056908044
BY4741,FKS1,HS3,FKS1-HS3,anidulafungin,1,LDCYLWYIIVN,692,C,T,-0.0873551095232477,0.0817490100534587,0.0817490100534587
BY4741,FKS1,HS3,FKS1-HS3,anidulafungin,1,LDEYLWYIIVN,692,E,T,0.7957592918706575,0.0157221711814787,0.0157221711814786
BY4741,FKS1,HS3,FKS1-HS3,anidulafungin,1,LDFYLWYIIVN,692,F,T,-0.1676844339782662,0.0105849684872608,0.0105849684872608
BY4741,FKS1,HS3,FKS1-HS3,anidulafungin,1,LDGYLWYIIVN,692,G,T,1.1107493935748427,0.0296456621929266,0.0296456621929266
BY4741,FKS1,HS3,FKS1-HS3,anidulafungin,1,LDHYLWYIIVN,692,H,T,-0.5301649431771185,0.2059588783081013,0.2059588783081012
BY4741,FKS1,HS3,FKS1-HS3,anidulafungin,1,LDIYLWYIIVN,692,I,T,0.1147850221482096,0.0387024593633652,0.0387024593633652
BY4741,FKS1,HS3,FKS1-HS3,anidulafungin,1,LDKYLWYIIVN,692,K,T,0.9751093304270938,0.0259923201735264,0.0259923201735264
BY4741,FKS1,HS3,FKS1-HS3,anidulafungin,1,LDLYLWYIIVN,692,L,T,-0.2478886606161357,0.1643914191298822,0.1643914191298822
BY4741,FKS1,HS3,FKS1-HS3,anidulafungin,1,LDMYLWYIIVN,692,M,T,1.015029049296431,0.0191908618043541,0.0191908618043541
BY4741,FKS1,HS3,FKS1-HS3,anidulafungin,1,LDQYLWYIIVN,692,Q,T,0.0994004223343614,0.0549822612396383,0.0549822612396382
BY4741,FKS1,HS3,FKS1-HS3,anidulafungin,1,LDRYLWYIIVN,692,R,T,-0.0514531288209784,0.0964690769374354,0.0964690769374354
BY4741,FKS1,HS3,FKS1-HS3,anidulafungin,1,LDSYLWYIIVN,692,S,T,0.5050871263352604,0.0469860615059997,0.0469860615059997
BY4741,FKS1,HS3,FKS1-HS3,anidulafungin,1,LDTALWYIIVN,693,A,Y,0.8285466363981325,0.0212563373263215,0.0212563373263215
BY4741,FKS1,HS3,FKS1-HS3,anidulafungin,1,LDTCLWYIIVN,693,C,Y,1.013969833044242,0.0284170246572619,0.0284170246572621
BY4741,FKS1,HS3,FKS1-HS3,anidulafungin,1,LDTDLWYIIVN,693,D,Y,-0.3776060759830514,0.1101940424787584,0.1101940424787584
BY4741,FKS1,HS3,FKS1-HS3,anidulafungin,1,LDTGLWYIIVN,693,G,Y,1.0971456576187428,0.0225365313160357,0.0225365313160359
BY4741,FKS1,HS3,FKS1-HS3,anidulafungin,1,LDTHLWYIIVN,693,H,Y,0.9581007442773848,0.0657907040286627,0.0657907040286628
BY4741,FKS1,HS3,FKS1-HS3,anidulafungin,1,LDTILWYIIVN,693,I,Y,0.4833017499627755,0.0369769976030208,0.0369769976030207
BY4741,FKS1,HS3,FKS1-HS3,anidulafungin,1,LDTKLWYIIVN,693,K,Y,0.0688954648829187,0.0389609496908399,0.0389609496908398
BY4741,FKS1,HS3,FKS1-HS3,anidulafungin,1,LDTLLWYIIVN,693,L,Y,0.9495209217053135,0.0306899908469896,0.0306899908469896
BY4741,FKS1,HS3,FKS1-HS3,anidulafungin,1,LDTMLWYIIVN,693,M,Y,0.8929996383645956,0.0281285705488011,0.0281285705488011
BY4741,FKS1,HS3,FKS1-HS3,anidulafungin,1,LDTNLWYIIVN,693,N,Y,0.282053114288525,0.0371569450323685,0.0371569450323685
BY4741,FKS1,HS3,FKS1-HS3,anidulafungin,1,LDTPLWYIIVN,693,P,Y,0.4301742030913714,0.0551423899671286,0.0551423899671286
BY4741,FKS1,HS3,FKS1-HS3,anidulafungin,1,LDTQLWYIIVN,693,Q,Y,0.3503797311093799,0.0485765118405285,0.0485765118405286
BY4741,FKS1,HS3,FKS1-HS3,anidulafungin,1,LDTRLWYIIVN,693,R,Y,-0.0273521704941594,0.0137066770204519,0.0137066770204519
BY4741,FKS1,HS3,FKS1-HS3,anidulafungin,1,LDTSLWYIIVN,693,S,Y,0.9065320144408876,0.0259403006552316,0.0259403006552316
BY4741,FKS1,HS3,FKS1-HS3,anidulafungin,1,LDTTLWYIIVN,693,T,Y,0.1864597804535849,0.0185420219372652,0.0185420219372652
BY4741,FKS1,HS3,FKS1-HS3,anidulafungin,1,LDTVLWYIIVN,693,V,Y,0.8277777175783689,0.039470304274031,0.0394703042740309
BY4741,FKS1,HS3,FKS1-HS3,anidulafungin,1,LDTY*WYIIVN,694,*,L,-0.1713344045935335,0.0188197408631166,0.0188197408631166
BY4741,FKS1,HS3,FKS1-HS3,anidulafungin,1,LDTYAWYIIVN,694,A,L,0.8174818165591489,0.0183885159535639,0.018388515953564
BY4741,FKS1,HS3,FKS1-HS3,anidulafungin,1,LDTYCWYIIVN,694,C,L,0.2603761178151323,0.0178573562201759,0.0178573562201759
BY4741,FKS1,HS3,FKS1-HS3,anidulafungin,1,LDTYDWYIIVN,694,D,L,0.4238782443313597,0.0301407272428702,0.0301407272428702
BY4741,FKS1,HS3,FKS1-HS3,anidulafungin,1,LDTYEWYIIVN,694,E,L,-0.0345527989935866,0.0374666784300137,0.0374666784300137
BY4741,FKS1,HS3,FKS1-HS3,anidulafungin,1,LDTYFWYIIVN,694,F,L,1.1328043408860031,0.0286606420781749,0.0286606420781749
BY4741,FKS1,HS3,FKS1-HS3,anidulafungin,1,LDTYHWYIIVN,694,H,L,-0.1448659720898774,0.0622828980784562,0.0622828980784562
BY4741,FKS1,HS3,FKS1-HS3,anidulafungin,1,LDTYIWYIIVN,694,I,L,0.7983646885299815,0.0164013901103287,0.0164013901103287
BY4741,FKS1,HS3,FKS1-HS3,anidulafungin,1,LDTYLAYIIVN,695,A,W,-0.569166890061926,0.0813304371305003,0.0813304371305002
BY4741,FKS1,HS3,FKS1-HS3,anidulafungin,1,LDTYLCYIIVN,695,C,W,-0.1715324695696929,0.0432279312601182,0.0432279312601182
BY4741,FKS1,HS3,FKS1-HS3,anidulafungin,1,LDTYLEYIIVN,695,E,W,0.1427308755214413,0.06008448162269,0.06008448162269
BY4741,FKS1,HS3,FKS1-HS3,anidulafungin,1,LDTYLFYIIVN,695,F,W,0.7586267617353311,0.0447760181351118,0.0447760181351117
BY4741,FKS1,HS3,FKS1-HS3,anidulafungin,1,LDTYLGYIIVN,695,G,W,-0.3733863703295438,0.1316420875787604,0.1316420875787604
BY4741,FKS1,HS3,FKS1-HS3,anidulafungin,1,LDTYLHYIIVN,695,H,W,-0.5321272252033149,0.0095475369797569,0.009547536979757
BY4741,FKS1,HS3,FKS1-HS3,anidulafungin,1,LDTYLKYIIVN,695,K,W,-0.384815774369827,0.1963497450036855,0.1963497450036855
BY4741,FKS1,HS3,FKS1-HS3,anidulafungin,1,LDTYLLYIIVN,695,L,W,0.9734737637228066,0.0261228309121318,0.0261228309121318
BY4741,FKS1,HS3,FKS1-HS3,anidulafungin,1,LDTYLMYIIVN,695,M,W,1.0260425576158636,0.0190867509619776,0.0190867509619776
BY4741,FKS1,HS3,FKS1-HS3,anidulafungin,1,LDTYLPYIIVN,695,P,W,-0.5035727392312799,0.1939432106010566,0.1939432106010565
BY4741,FKS1,HS3,FKS1-HS3,anidulafungin,1,LDTYLQYIIVN,695,Q,W,0.0301993669623775,0.0525420356800623,0.0525420356800623
BY4741,FKS1,HS3,FKS1-HS3,anidulafungin,1,LDTYLRYIIVN,695,R,W,-0.1885651189345863,0.0461640213391934,0.0461640213391934
BY4741,FKS1,HS3,FKS1-HS3,anidulafungin,1,LDTYLSYIIVN,695,S,W,-0.339110475336447,0.0328231831010571,0.0328231831010571
BY4741,FKS1,HS3,FKS1-HS3,anidulafungin,1,LDTYLTYIIVN,695,T,W,-0.5818574208316181,0.1088455008588408,0.1088455008588408
BY4741,FKS1,HS3,FKS1-HS3,anidulafungin,1,LDTYLVYIIVN,695,V,W,-0.0850993714328695,0.0976859534141055,0.0976859534141055
BY4741,FKS1,HS3,FKS1-HS3,anidulafungin,1,LDTYLW*IIVN,696,*,Y,-0.0485278667443315,0.1958306855702723,0.1958306855702723
BY4741,FKS1,HS3,FKS1-HS3,anidulafungin,1,LDTYLWAIIVN,696,A,Y,0.1510624319588154,0.0023970291009586,0.0023970291009586
BY4741,FKS1,HS3,FKS1-HS3,anidulafungin,1,LDTYLWDIIVN,696,D,Y,0.8314749236757477,0.0395703790559771,0.0395703790559771
BY4741,FKS1,HS3,FKS1-HS3,anidulafungin,1,LDTYLWEIIVN,696,E,Y,0.0394067972100035,0.0616596785820271,0.0616596785820271
BY4741,FKS1,HS3,FKS1-HS3,anidulafungin,1,LDTYLWFIIVN,696,F,Y,0.6694957419726572,0.0147348189646973,0.0147348189646973
BY4741,FKS1,HS3,FKS1-HS3,anidulafungin,1,LDTYLWGIIVN,696,G,Y,0.3641848548949513,0.0199595555576894,0.0199595555576894
BY4741,FKS1,HS3,FKS1-HS3,anidulafungin,1,LDTYLWHIIVN,696,H,Y,0.7914354301201518,0.0224488890125741,0.0224488890125741
BY4741,FKS1,HS3,FKS1-HS3,anidulafungin,1,LDTYLWIIIVN,696,I,Y,0.151526134200952,0.0744554116236982,0.0744554116236982
BY4741,FKS1,HS3,FKS1-HS3,anidulafungin,1,LDTYLWKIIVN,696,K,Y,0.2755275330135446,0.0015419778837925,0.0015419778837925
BY4741,FKS1,HS3,FKS1-HS3,anidulafungin,1,LDTYLWLIIVN,696,L,Y,1.006462453792984,0.0267184176571854,0.0267184176571855
BY4741,FKS1,HS3,FKS1-HS3,anidulafungin,1,LDTYLWMIIVN,696,M,Y,0.9458390945472032,0.0294687349431571,0.029468734943157
BY4741,FKS1,HS3,FKS1-HS3,anidulafungin,1,LDTYLWNIIVN,696,N,Y,0.95065642206329,0.0077990453456042,0.0077990453456042
BY4741,FKS1,HS3,FKS1-HS3,anidulafungin,1,LDTYLWPIIVN,696,P,Y,-0.0732229343070082,0.0338288833055482,0.0338288833055482
BY4741,FKS1,HS3,FKS1-HS3,anidulafungin,1,LDTYLWQIIVN,696,Q,Y,0.2625165224207744,0.0185971827580055,0.0185971827580054
BY4741,FKS1,HS3,FKS1-HS3,anidulafungin,1,LDTYLWRIIVN,696,R,Y,0.4771106239290054,0.0352206771777466,0.0352206771777466
BY4741,FKS1,HS3,FKS1-HS3,anidulafungin,1,LDTYLWSIIVN,696,S,Y,0.8130327866340533,0.0296717622473725,0.0296717622473725
BY4741,FKS1,HS3,FKS1-HS3,anidulafungin,1,LDTYLWTIIVN,696,T,Y,-0.1284109089053875,0.0046007409349496,0.0046007409349496
BY4741,FKS1,HS3,FKS1-HS3,anidulafungin,1,LDTYLWVIIVN,696,V,Y,-0.2099434611317774,0.0593510484055369,0.059351048405537
BY4741,FKS1,HS3,FKS1-HS3,anidulafungin,1,LDTYLWWIIVN,696,W,Y,-0.0216420211404516,0.029779297895033,0.029779297895033
BY4741,FKS1,HS3,FKS1-HS3,anidulafungin,1,LDTYLWYAIVN,697,A,I,-0.0597188331895781,0.0126619564295786,0.0126619564295786
BY4741,FKS1,HS3,FKS1-HS3,anidulafungin,1,LDTYLWYCIVN,697,C,I,0.9890236602991423,0.0100725185328524,0.0100725185328524
BY4741,FKS1,HS3,FKS1-HS3,anidulafungin,1,LDTYLWYDIVN,697,D,I,-0.2294523420577456,0.0223934759040576,0.0223934759040576
BY4741,FKS1,HS3,FKS1-HS3,anidulafungin,1,LDTYLWYEIVN,697,E,I,-0.2394877460185892,0.07038056174634,0.07038056174634
BY4741,FKS1,HS3,FKS1-HS3,anidulafungin,1,LDTYLWYFIVN,697,F,I,1.2123444302046722,0.0343136600645386,0.0343136600645386
BY4741,FKS1,HS3,FKS1-HS3,anidulafungin,1,LDTYLWYGIVN,697,G,I,1.1475734550400096,0.0223776751100022,0.0223776751100022
BY4741,FKS1,HS3,FKS1-HS3,anidulafungin,1,LDTYLWYHIVN,697,H,I,0.7193081515621397,0.0125208835039962,0.0125208835039962
BY4741,FKS1,HS3,FKS1-HS3,anidulafungin,1,LDTYLWYI*VN,698,*,I,-0.1909697154478024,0.2823518498360875,0.2823518498360875
BY4741,FKS1,HS3,FKS1-HS3,anidulafungin,1,LDTYLWYIAVN,698,A,I,-0.488457812977371,0.0931643027959589,0.0931643027959588
BY4741,FKS1,HS3,FKS1-HS3,anidulafungin,1,LDTYLWYICVN,698,C,I,-0.2900020454956633,0.0103607212004353,0.0103607212004353
BY4741,FKS1,HS3,FKS1-HS3,anidulafungin,1,LDTYLWYIEVN,698,E,I,-0.3442333599116675,0.0711562378304182,0.0711562378304182
BY4741,FKS1,HS3,FKS1-HS3,anidulafungin,1,LDTYLWYIHVN,698,H,I,-0.512548808121905,0.2671069739812167,0.2671069739812168
BY4741,FKS1,HS3,FKS1-HS3,anidulafungin,1,LDTYLWYII*N,699,*,V,-0.0710882619264104,0.086711511148903,0.086711511148903
BY4741,FKS1,HS3,FKS1-HS3,anidulafungin,1,LDTYLWYIIAN,699,A,V,0.0094586259206922,0.0573173434553292,0.0573173434553292
BY4741,FKS1,HS3,FKS1-HS3,anidulafungin,1,LDTYLWYIICN,699,C,V,0.1569961932505794,0.0404443601764215,0.0404443601764215
BY4741,FKS1,HS3,FKS1-HS3,anidulafungin,1,LDTYLWYIIEN,699,E,V,-0.1031766592867715,0.0260673272245875,0.0260673272245875
BY4741,FKS1,HS3,FKS1-HS3,anidulafungin,1,LDTYLWYIIFN,699,F,V,0.4188800948006845,0.0265938876589877,0.0265938876589877
BY4741,FKS1,HS3,FKS1-HS3,anidulafungin,1,LDTYLWYIIGN,699,G,V,-0.4974853958886967,0.0344334096765554,0.0344334096765555
BY4741,FKS1,HS3,FKS1-HS3,anidulafungin,1,LDTYLWYIIHN,699,H,V,0.2580306081641019,0.1401957223249555,0.1401957223249555
BY4741,FKS1,HS3,FKS1-HS3,anidulafungin,1,LDTYLWYIIIN,699,I,V,0.1435719480589087,0.0312418618943231,0.0312418618943231
BY4741,FKS1,HS3,FKS1-HS3,anidulafungin,1,LDTYLWYIILN,699,L,V,0.109898017264786,0.0434384111003908,0.0434384111003908
BY4741,FKS1,HS3,FKS1-HS3,anidulafungin,1,LDTYLWYIINN,699,N,V,0.1639003435357146,0.0181778839375529,0.0181778839375529
BY4741,FKS1,HS3,FKS1-HS3,anidulafungin,1,LDTYLWYIIPN,699,P,V,-0.3063852896223505,0.0083350038972375,0.0083350038972375
BY4741,FKS1,HS3,FKS1-HS3,anidulafungin,1,LDTYLWYIIQN,699,Q,V,0.0036338597220516,0.0102486716010109,0.0102486716010109
BY4741,FKS1,HS3,FKS1-HS3,anidulafungin,1,LDTYLWYIIRN,699,R,V,-0.3981117789327754,0.0397558766483666,0.0397558766483666
BY4741,FKS1,HS3,FKS1-HS3,anidulafungin,1,LDTYLWYIISN,699,S,V,0.0590732794262151,0.0336508943724392,0.0336508943724392
BY4741,FKS1,HS3,FKS1-HS3,anidulafungin,1,LDTYLWYIITN,699,T,V,-0.1231358539121405,0.0827723069500953,0.0827723069500953
BY4741,FKS1,HS3,FKS1-HS3,anidulafungin,1,LDTYLWYIIVA,700,A,N,0.5492643589553563,0.0124183980464112,0.0124183980464112
BY4741,FKS1,HS3,FKS1-HS3,anidulafungin,1,LDTYLWYIIVD,700,D,N,0.0067911780558245,0.0211651958888897,0.0211651958888897
BY4741,FKS1,HS3,FKS1-HS3,anidulafungin,1,LDTYLWYIIVE,700,E,N,-0.100355616368443,0.1008538652108766,0.1008538652108767
BY4741,FKS1,HS3,FKS1-HS3,anidulafungin,1,LDTYLWYIIVF,700,F,N,0.5074836894247159,0.0321044241278503,0.0321044241278501
BY4741,FKS1,HS3,FKS1-HS3,anidulafungin,1,LDTYLWYIIVG,700,G,N,0.8059256566164321,0.0053088294465241,0.0053088294465242
BY4741,FKS1,HS3,FKS1-HS3,anidulafungin,1,LDTYLWYIIVK,700,K,N,-0.1893098481863449,0.0564670773719271,0.0564670773719271
BY4741,FKS1,HS3,FKS1-HS3,anidulafungin,1,LDTYLWYIIVL,700,L,N,-0.1040555348228411,0.019258107283099,0.019258107283099
BY4741,FKS1,HS3,FKS1-HS3,anidulafungin,1,LDTYLWYIIVM,700,M,N,0.4061777547335737,0.0148146513666862,0.0148146513666863
BY4741,FKS1,HS3,FKS1-HS3,anidulafungin,1,LDTYLWYIIVP,700,P,N,0.2123469310366337,0.0060071204417694,0.0060071204417694
BY4741,FKS1,HS3,FKS1-HS3,anidulafungin,1,LDTYLWYIIVQ,700,Q,N,0.5870927057719465,0.0177472274648199,0.0177472274648199
BY4741,FKS1,HS3,FKS1-HS3,anidulafungin,1,LDTYLWYIIVR,700,R,N,-0.2152832906010334,0.1953665206442293,0.1953665206442293
BY4741,FKS1,HS3,FKS1-HS3,anidulafungin,1,LDTYLWYIIVS,700,S,N,0.9813901547159122,0.0254174180828112,0.0254174180828111
BY4741,FKS1,HS3,FKS1-HS3,anidulafungin,1,LDTYLWYIIVT,700,T,N,1.0156102220748178,0.0271826576263585,0.0271826576263585
BY4741,FKS1,HS3,FKS1-HS3,anidulafungin,1,LDTYLWYIIVV,700,V,N,0.2187945590149405,0.0075096556239789,0.0075096556239789
BY4741,FKS1,HS3,FKS1-HS3,anidulafungin,1,LDTYLWYIIVW,700,W,N,0.024766356177259,0.018225534934832,0.018225534934832
BY4741,FKS1,HS3,FKS1-HS3,anidulafungin,1,LDTYLWYIIVY,700,Y,N,0.1955050850252298,0.0183103977278182,0.0183103977278182
BY4741,FKS1,HS3,FKS1-HS3,anidulafungin,1,LDTYLWYIIWN,699,W,V,0.3682342143507749,0.0059830503966786,0.0059830503966786
BY4741,FKS1,HS3,FKS1-HS3,anidulafungin,1,LDTYLWYIIYN,699,Y,V,0.7293090899024242,0.0370249022974528,0.0370249022974527
BY4741,FKS1,HS3,FKS1-HS3,anidulafungin,1,LDTYLWYILVN,698,L,I,-0.0317754009174537,0.0112376822976704,0.0112376822976704
BY4741,FKS1,HS3,FKS1-HS3,anidulafungin,1,LDTYLWYINVN,698,N,I,-0.3600368501381046,0.1347503157048756,0.1347503157048756
BY4741,FKS1,HS3,FKS1-HS3,anidulafungin,1,LDTYLWYIPVN,698,P,I,-0.3457059164423314,0.0372505861444158,0.0372505861444158
BY4741,FKS1,HS3,FKS1-HS3,anidulafungin,1,LDTYLWYIRVN,698,R,I,-0.2360863643684356,0.0095819577987282,0.0095819577987282
BY4741,FKS1,HS3,FKS1-HS3,anidulafungin,1,LDTYLWYISVN,698,S,I,-0.566157351813501,0.0070174131523177,0.0070174131523178
BY4741,FKS1,HS3,FKS1-HS3,anidulafungin,1,LDTYLWYITVN,698,T,I,-0.3884211612010712,0.0610583288334667,0.0610583288334667
BY4741,FKS1,HS3,FKS1-HS3,anidulafungin,1,LDTYLWYIVVN,698,V,I,-0.3233589984695355,0.0969891667115707,0.0969891667115707
BY4741,FKS1,HS3,FKS1-HS3,anidulafungin,1,LDTYLWYIYVN,698,Y,I,-0.3769552593766945,0.0222385491311399,0.0222385491311399
BY4741,FKS1,HS3,FKS1-HS3,anidulafungin,1,LDTYLWYLIVN,697,L,I,0.5611286637659589,0.0296013360664655,0.0296013360664655
BY4741,FKS1,HS3,FKS1-HS3,anidulafungin,1,LDTYLWYNIVN,697,N,I,1.2888526627095511,0.0229699345354408,0.0229699345354406
BY4741,FKS1,HS3,FKS1-HS3,anidulafungin,1,LDTYLWYPIVN,697,P,I,0.0609189213271695,0.0280323302538485,0.0280323302538485
BY4741,FKS1,HS3,FKS1-HS3,anidulafungin,1,LDTYLWYQIVN,697,Q,I,0.2129851613029288,0.003668383201943,0.003668383201943
BY4741,FKS1,HS3,FKS1-HS3,anidulafungin,1,LDTYLWYRIVN,697,R,I,0.8308486325322014,0.0111912754154209,0.0111912754154209
BY4741,FKS1,HS3,FKS1-HS3,anidulafungin,1,LDTYLWYSIVN,697,S,I,1.0786569299660536,0.023868784142456,0.023868784142456
BY4741,FKS1,HS3,FKS1-HS3,anidulafungin,1,LDTYLWYTIVN,697,T,I,1.2089764204830171,0.0158750843227044,0.0158750843227044
BY4741,FKS1,HS3,FKS1-HS3,anidulafungin,1,LDTYLWYVIVN,697,V,I,-0.2505272784839664,0.0530372008094177,0.0530372008094177
BY4741,FKS1,HS3,FKS1-HS3,anidulafungin,1,LDTYLWYWIVN,697,W,I,1.124212107487382,0.0227661172609141,0.0227661172609139
BY4741,FKS1,HS3,FKS1-HS3,anidulafungin,1,LDTYLWYYIVN,697,Y,I,1.1215380070407797,0.0317259525254267,0.0317259525254269
BY4741,FKS1,HS3,FKS1-HS3,anidulafungin,1,LDTYLYYIIVN,695,Y,W,0.7883973780826792,0.022200256496201,0.022200256496201
BY4741,FKS1,HS3,FKS1-HS3,anidulafungin,1,LDTYMWYIIVN,694,M,L,-0.6838160414348384,0.1882203049087163,0.1882203049087163
BY4741,FKS1,HS3,FKS1-HS3,anidulafungin,1,LDTYNWYIIVN,694,N,L,0.7282185425162532,0.0369047035574036,0.0369047035574036
BY4741,FKS1,HS3,FKS1-HS3,anidulafungin,1,LDTYQWYIIVN,694,Q,L,0.4188672718279496,0.0289417070725908,0.0289417070725908
BY4741,FKS1,HS3,FKS1-HS3,anidulafungin,1,LDTYRWYIIVN,694,R,L,-0.2463957265809279,0.0340995840908704,0.0340995840908704
BY4741,FKS1,HS3,FKS1-HS3,anidulafungin,1,LDTYSWYIIVN,694,S,L,-0.0990610573135334,0.036744915281476,0.036744915281476
BY4741,FKS1,HS3,FKS1-HS3,anidulafungin,1,LDTYTWYIIVN,694,T,L,-0.0596485361680143,0.0824100049742879,0.0824100049742879
BY4741,FKS1,HS3,FKS1-HS3,anidulafungin,1,LDTYVWYIIVN,694,V,L,0.4992667665741856,0.0442020560986963,0.0442020560986963
BY4741,FKS1,HS3,FKS1-HS3,anidulafungin,1,LDTYWWYIIVN,694,W,L,-0.3450448418256696,0.1804945441316334,0.1804945441316333
BY4741,FKS1,HS3,FKS1-HS3,anidulafungin,1,LDTYYWYIIVN,694,Y,L,-0.0045698620277002,0.073567013013127,0.073567013013127
BY4741,FKS1,HS3,FKS1-HS3,anidulafungin,1,LDVYLWYIIVN,692,V,T,0.4667757160637457,0.0252551244186973,0.0252551244186972
BY4741,FKS1,HS3,FKS1-HS3,anidulafungin,1,LDYYLWYIIVN,692,Y,T,-0.4704101050823177,0.1388019661312632,0.1388019661312632
BY4741,FKS1,HS3,FKS1-HS3,anidulafungin,1,LETYLWYIIVN,691,E,D,0.2732970512182271,0.1077213516788181,0.1077213516788181
BY4741,FKS1,HS3,FKS1-HS3,anidulafungin,1,LFTYLWYIIVN,691,F,D,0.0825832731524916,0.0454903693287616,0.0454903693287616
BY4741,FKS1,HS3,FKS1-HS3,anidulafungin,1,LGTYLWYIIVN,691,G,D,-0.6537065145596013,0.0398587595632774,0.0398587595632773
BY4741,FKS1,HS3,FKS1-HS3,anidulafungin,1,LITYLWYIIVN,691,I,D,0.9519574845469864,0.0187829874087676,0.0187829874087674
BY4741,FKS1,HS3,FKS1-HS3,anidulafungin,1,LKTYLWYIIVN,691,K,D,-0.0485161937330065,0.0332850831032676,0.0332850831032676
BY4741,FKS1,HS3,FKS1-HS3,anidulafungin,1,LLTYLWYIIVN,691,L,D,0.8782462780393945,0.0438617499327296,0.0438617499327296
BY4741,FKS1,HS3,FKS1-HS3,anidulafungin,1,LMTYLWYIIVN,691,M,D,0.7348116511633916,0.029795539604062,0.029795539604062
BY4741,FKS1,HS3,FKS1-HS3,anidulafungin,1,LNTYLWYIIVN,691,N,D,0.2889694512370856,0.0405500691995983,0.0405500691995984
BY4741,FKS1,HS3,FKS1-HS3,anidulafungin,1,LPTYLWYIIVN,691,P,D,0.2938114808124872,0.0460181282952555,0.0460181282952555
BY4741,FKS1,HS3,FKS1-HS3,anidulafungin,1,LQTYLWYIIVN,691,Q,D,1.011407559440619,0.0201443841118378,0.0201443841118378
BY4741,FKS1,HS3,FKS1-HS3,anidulafungin,1,LRTYLWYIIVN,691,R,D,0.2851399100424451,0.1473055382927763,0.1473055382927763
BY4741,FKS1,HS3,FKS1-HS3,anidulafungin,1,LSTYLWYIIVN,691,S,D,0.6426896746044466,0.0360902220472117,0.0360902220472116
BY4741,FKS1,HS3,FKS1-HS3,anidulafungin,1,LTTYLWYIIVN,691,T,D,-0.0332128409250715,0.0602270606071232,0.0602270606071232
BY4741,FKS1,HS3,FKS1-HS3,anidulafungin,1,LVTYLWYIIVN,691,V,D,0.4917134933510482,0.0754977981654889,0.0754977981654889
BY4741,FKS1,HS3,FKS1-HS3,anidulafungin,1,LWTYLWYIIVN,691,W,D,-0.3498023346362076,0.2079738762623033,0.2079738762623033
BY4741,FKS1,HS3,FKS1-HS3,anidulafungin,1,LYTYLWYIIVN,691,Y,D,-0.2631970300073709,0.0151040435134469,0.0151040435134469
BY4741,FKS1,HS3,FKS1-HS3,anidulafungin,1,MDTYLWYIIVN,690,M,L,0.4430204378401557,0.0087622381470273,0.0087622381470273
BY4741,FKS1,HS3,FKS1-HS3,anidulafungin,1,NDTYLWYIIVN,690,N,L,-0.0648727269110079,0.0280011647714387,0.0280011647714387
BY4741,FKS1,HS3,FKS1-HS3,anidulafungin,1,PDTYLWYIIVN,690,P,L,0.1207392529892273,0.002463569330307,0.002463569330307
BY4741,FKS1,HS3,FKS1-HS3,anidulafungin,1,SDTYLWYIIVN,690,S,L,-0.4847898417362123,0.1221883404264288,0.1221883404264288
BY4741,FKS1,HS3,FKS1-HS3,anidulafungin,1,TDTYLWYIIVN,690,T,L,-0.470573579605769,0.0241320496135822,0.0241320496135822
BY4741,FKS1,HS3,FKS1-HS3,anidulafungin,1,VDTYLWYIIVN,690,V,L,-0.536015159950852,0.1621276096334705,0.1621276096334706
BY4741,FKS1,HS3,FKS1-HS3,anidulafungin,1,YDTYLWYIIVN,690,Y,L,-0.236393931848353,0.072586865671216,0.072586865671216
BY4741,FKS1,HS3,FKS1-HS3,caspofungin,0,LDTYLWYIIVN,not-applicable,not-applicable,not-applicable,-0.0922364274826739,0.0574008594914468,0.0574008594914468
BY4741,FKS1,HS3,FKS1-HS3,caspofungin,1,*DTYLWYIIVN,690,*,L,0.0459483157596195,0.1069444886457207,0.1069444886457207
BY4741,FKS1,HS3,FKS1-HS3,caspofungin,1,ADTYLWYIIVN,690,A,L,0.144224374720032,0.091357648978215,0.091357648978215
BY4741,FKS1,HS3,FKS1-HS3,caspofungin,1,CDTYLWYIIVN,690,C,L,-0.0892632980289931,0.1055417765821304,0.1055417765821304
BY4741,FKS1,HS3,FKS1-HS3,caspofungin,1,EDTYLWYIIVN,690,E,L,1.4435023557416633,0.0319422870946561,0.0319422870946564
BY4741,FKS1,HS3,FKS1-HS3,caspofungin,1,FDTYLWYIIVN,690,F,L,1.432370411540043,0.0494008391156124,0.0494008391156122
BY4741,FKS1,HS3,FKS1-HS3,caspofungin,1,HDTYLWYIIVN,690,H,L,1.4052306518189233,0.0718377686147935,0.0718377686147933
BY4741,FKS1,HS3,FKS1-HS3,caspofungin,1,IDTYLWYIIVN,690,I,L,-0.298465285341827,0.0712433807963445,0.0712433807963445
BY4741,FKS1,HS3,FKS1-HS3,caspofungin,1,L*TYLWYIIVN,691,*,D,0.0417069146307081,0.093286244488251,0.093286244488251
BY4741,FKS1,HS3,FKS1-HS3,caspofungin,1,LATYLWYIIVN,691,A,D,-0.1262061598475234,0.033123568172618,0.033123568172618
BY4741,FKS1,HS3,FKS1-HS3,caspofungin,1,LCTYLWYIIVN,691,C,D,0.1610077070544622,0.1705162979031154,0.1705162979031154
BY4741,FKS1,HS3,FKS1-HS3,caspofungin,1,LD*YLWYIIVN,692,*,T,0.2060618999462778,0.0510491575426206,0.0510491575426206
BY4741,FKS1,HS3,FKS1-HS3,caspofungin,1,LDCYLWYIIVN,692,C,T,0.1615930272759345,0.1054960718227449,0.1054960718227449
BY4741,FKS1,HS3,FKS1-HS3,caspofungin,1,LDEYLWYIIVN,692,E,T,1.23139489779995,0.0415427210063603,0.0415427210063603
BY4741,FKS1,HS3,FKS1-HS3,caspofungin,1,LDFYLWYIIVN,692,F,T,-0.1779311102534697,0.1143555549784888,0.1143555549784887
BY4741,FKS1,HS3,FKS1-HS3,caspofungin,1,LDGYLWYIIVN,692,G,T,1.294473551718963,0.0018265603271869,0.0018265603271871
BY4741,FKS1,HS3,FKS1-HS3,caspofungin,1,LDHYLWYIIVN,692,H,T,-0.0194891163489614,0.1426651752346633,0.1426651752346633
BY4741,FKS1,HS3,FKS1-HS3,caspofungin,1,LDIYLWYIIVN,692,I,T,0.1360548692259292,0.0855166282864011,0.0855166282864011
BY4741,FKS1,HS3,FKS1-HS3,caspofungin,1,LDKYLWYIIVN,692,K,T,1.433069851672678,0.0408649752967482,0.0408649752967482
BY4741,FKS1,HS3,FKS1-HS3,caspofungin,1,LDLYLWYIIVN,692,L,T,0.1520297444764452,0.0088511979308023,0.0088511979308023
BY4741,FKS1,HS3,FKS1-HS3,caspofungin,1,LDMYLWYIIVN,692,M,T,1.2874834163014297,0.0145038388647276,0.0145038388647276
BY4741,FKS1,HS3,FKS1-HS3,caspofungin,1,LDQYLWYIIVN,692,Q,T,-0.006055136824773,0.1667253131475742,0.1667253131475742
BY4741,FKS1,HS3,FKS1-HS3,caspofungin,1,LDRYLWYIIVN,692,R,T,0.2961384456139964,0.0129616720208508,0.0129616720208507
BY4741,FKS1,HS3,FKS1-HS3,caspofungin,1,LDSYLWYIIVN,692,S,T,0.2792739410577284,0.0834951587622034,0.0834951587622033
BY4741,FKS1,HS3,FKS1-HS3,caspofungin,1,LDTALWYIIVN,693,A,Y,0.7453170833276086,0.047622843717059,0.0476228437170591
BY4741,FKS1,HS3,FKS1-HS3,caspofungin,1,LDTCLWYIIVN,693,C,Y,1.4402260155090798,0.0238222837478883,0.0238222837478885
BY4741,FKS1,HS3,FKS1-HS3,caspofungin,1,LDTDLWYIIVN,693,D,Y,-0.194559012156936,0.1764385498836049,0.1764385498836049
BY4741,FKS1,HS3,FKS1-HS3,caspofungin,1,LDTGLWYIIVN,693,G,Y,1.4238259336959045,0.0014178969602751,0.0014178969602751
BY4741,FKS1,HS3,FKS1-HS3,caspofungin,1,LDTHLWYIIVN,693,H,Y,1.2093536665965965,0.0050215729254385,0.0050215729254385
BY4741,FKS1,HS3,FKS1-HS3,caspofungin,1,LDTILWYIIVN,693,I,Y,1.0632164848582148,0.01340649508655,0.01340649508655
BY4741,FKS1,HS3,FKS1-HS3,caspofungin,1,LDTKLWYIIVN,693,K,Y,0.0433911146136486,0.202401394649143,0.202401394649143
BY4741,FKS1,HS3,FKS1-HS3,caspofungin,1,LDTLLWYIIVN,693,L,Y,1.382468520474078,0.027702092657446,0.027702092657446
BY4741,FKS1,HS3,FKS1-HS3,caspofungin,1,LDTMLWYIIVN,693,M,Y,0.7359182991173432,0.0188234206842279,0.018823420684228
BY4741,FKS1,HS3,FKS1-HS3,caspofungin,1,LDTNLWYIIVN,693,N,Y,0.7229658724099803,0.1067710744126472,0.1067710744126472
BY4741,FKS1,HS3,FKS1-HS3,caspofungin,1,LDTPLWYIIVN,693,P,Y,1.4278097529308968,0.0261356783021222,0.0261356783021222
BY4741,FKS1,HS3,FKS1-HS3,caspofungin,1,LDTQLWYIIVN,693,Q,Y,0.2158650634396482,0.0547099016259365,0.0547099016259365
BY4741,FKS1,HS3,FKS1-HS3,caspofungin,1,LDTRLWYIIVN,693,R,Y,-0.0676440523992037,0.0140133158485831,0.0140133158485831
BY4741,FKS1,HS3,FKS1-HS3,caspofungin,1,LDTSLWYIIVN,693,S,Y,1.2919120862750355,0.0252571122570559,0.0252571122570559
BY4741,FKS1,HS3,FKS1-HS3,caspofungin,1,LDTTLWYIIVN,693,T,Y,0.5510928991562194,0.0995579665100147,0.0995579665100145
BY4741,FKS1,HS3,FKS1-HS3,caspofungin,1,LDTVLWYIIVN,693,V,Y,1.1934100921502138,0.0114318108727982,0.0114318108727984
BY4741,FKS1,HS3,FKS1-HS3,caspofungin,1,LDTY*WYIIVN,694,*,L,0.2744240704584305,0.1142080736978185,0.1142080736978185
BY4741,FKS1,HS3,FKS1-HS3,caspofungin,1,LDTYAWYIIVN,694,A,L,-0.0989428216989533,0.124384923164165,0.124384923164165
BY4741,FKS1,HS3,FKS1-HS3,caspofungin,1,LDTYCWYIIVN,694,C,L,0.1297712003281179,0.0322758665159072,0.0322758665159072
BY4741,FKS1,HS3,FKS1-HS3,caspofungin,1,LDTYDWYIIVN,694,D,L,0.8493874914297035,0.1063138203835327,0.1063138203835328
BY4741,FKS1,HS3,FKS1-HS3,caspofungin,1,LDTYEWYIIVN,694,E,L,0.2603433224405205,0.156784522596769,0.156784522596769
BY4741,FKS1,HS3,FKS1-HS3,caspofungin,1,LDTYFWYIIVN,694,F,L,1.488310339592746,0.0243558765561779,0.0243558765561779
BY4741,FKS1,HS3,FKS1-HS3,caspofungin,1,LDTYHWYIIVN,694,H,L,-0.5131406805728445,0.0964515962687376,0.0964515962687376
BY4741,FKS1,HS3,FKS1-HS3,caspofungin,1,LDTYIWYIIVN,694,I,L,0.73038402453275,0.1047651122032483,0.1047651122032483
BY4741,FKS1,HS3,FKS1-HS3,caspofungin,1,LDTYLAYIIVN,695,A,W,1.445588369547808,0.053844292739883,0.053844292739883
BY4741,FKS1,HS3,FKS1-HS3,caspofungin,1,LDTYLCYIIVN,695,C,W,1.4335080943626328,0.0448435613207478,0.0448435613207478
BY4741,FKS1,HS3,FKS1-HS3,caspofungin,1,LDTYLEYIIVN,695,E,W,0.584384132158549,0.0807689893076069,0.0807689893076069
BY4741,FKS1,HS3,FKS1-HS3,caspofungin,1,LDTYLFYIIVN,695,F,W,0.5707531617009589,0.2308392407245977,0.2308392407245977
BY4741,FKS1,HS3,FKS1-HS3,caspofungin,1,LDTYLGYIIVN,695,G,W,0.2880679760041034,0.1303519890634558,0.1303519890634558
BY4741,FKS1,HS3,FKS1-HS3,caspofungin,1,LDTYLHYIIVN,695,H,W,0.0931317900682358,0.3002879308665613,0.3002879308665613
BY4741,FKS1,HS3,FKS1-HS3,caspofungin,1,LDTYLKYIIVN,695,K,W,-0.1233763303953738,0.105973659561195,0.105973659561195
BY4741,FKS1,HS3,FKS1-HS3,caspofungin,1,LDTYLLYIIVN,695,L,W,1.2356643766288389,0.0352643411536912,0.0352643411536912
BY4741,FKS1,HS3,FKS1-HS3,caspofungin,1,LDTYLMYIIVN,695,M,W,1.2615494483938312,0.0328310795492703,0.0328310795492703
BY4741,FKS1,HS3,FKS1-HS3,caspofungin,1,LDTYLPYIIVN,695,P,W,-0.1114180406732903,0.0395957745438632,0.0395957745438632
BY4741,FKS1,HS3,FKS1-HS3,caspofungin,1,LDTYLQYIIVN,695,Q,W,0.1627023580019236,0.3879514717757303,0.3879514717757303
BY4741,FKS1,HS3,FKS1-HS3,caspofungin,1,LDTYLRYIIVN,695,R,W,0.6269705447342722,0.0991522267786053,0.0991522267786053
BY4741,FKS1,HS3,FKS1-HS3,caspofungin,1,LDTYLSYIIVN,695,S,W,0.4370105676944805,0.0616676311991936,0.0616676311991936
BY4741,FKS1,HS3,FKS1-HS3,caspofungin,1,LDTYLTYIIVN,695,T,W,-0.1405035682673796,0.2137808081950701,0.2137808081950701
BY4741,FKS1,HS3,FKS1-HS3,caspofungin,1,LDTYLVYIIVN,695,V,W,1.373239755167992,0.0551685301591324,0.0551685301591322
BY4741,FKS1,HS3,FKS1-HS3,caspofungin,1,LDTYLW*IIVN,696,*,Y,0.2001097594573355,0.1382107886602692,0.1382107886602692
BY4741,FKS1,HS3,FKS1-HS3,caspofungin,1,LDTYLWAIIVN,696,A,Y,-0.0586026835541367,0.1674423423767714,0.1674423423767714
BY4741,FKS1,HS3,FKS1-HS3,caspofungin,1,LDTYLWDIIVN,696,D,Y,0.3326000427337711,0.2217371095641494,0.2217371095641493
BY4741,FKS1,HS3,FKS1-HS3,caspofungin,1,LDTYLWEIIVN,696,E,Y,-0.4248075436742459,0.1108128646929846,0.1108128646929846
BY4741,FKS1,HS3,FKS1-HS3,caspofungin,1,LDTYLWFIIVN,696,F,Y,-0.1784399805459493,0.1347355614132568,0.1347355614132568
BY4741,FKS1,HS3,FKS1-HS3,caspofungin,1,LDTYLWGIIVN,696,G,Y,-0.188315144309369,0.0911457978673439,0.0911457978673438
BY4741,FKS1,HS3,FKS1-HS3,caspofungin,1,LDTYLWHIIVN,696,H,Y,-0.1101216282168102,0.0996584680965505,0.0996584680965505
BY4741,FKS1,HS3,FKS1-HS3,caspofungin,1,LDTYLWIIIVN,696,I,Y,0.3126031025838335,0.0980357842501102,0.0980357842501102
BY4741,FKS1,HS3,FKS1-HS3,caspofungin,1,LDTYLWKIIVN,696,K,Y,0.0141332255166727,0.2368751648226094,0.2368751648226094
BY4741,FKS1,HS3,FKS1-HS3,caspofungin,1,LDTYLWLIIVN,696,L,Y,0.0563848845858705,0.2079450999489017,0.2079450999489017
BY4741,FKS1,HS3,FKS1-HS3,caspofungin,1,LDTYLWMIIVN,696,M,Y,-0.089138869462747,0.0894820911649995,0.0894820911649995
BY4741,FKS1,HS3,FKS1-HS3,caspofungin,1,LDTYLWNIIVN,696,N,Y,0.4357777821645953,0.0784335443923959,0.0784335443923958
BY4741,FKS1,HS3,FKS1-HS3,caspofungin,1,LDTYLWPIIVN,696,P,Y,0.1324665361117541,0.015543505397303,0.015543505397303
BY4741,FKS1,HS3,FKS1-HS3,caspofungin,1,LDTYLWQIIVN,696,Q,Y,0.7041037813812141,0.1246900608899751,0.1246900608899751
BY4741,FKS1,HS3,FKS1-HS3,caspofungin,1,LDTYLWRIIVN,696,R,Y,0.4149841578019186,0.080799420333804,0.080799420333804
BY4741,FKS1,HS3,FKS1-HS3,caspofungin,1,LDTYLWSIIVN,696,S,Y,0.1570954356506491,0.0959099926036259,0.0959099926036259
BY4741,FKS1,HS3,FKS1-HS3,caspofungin,1,LDTYLWTIIVN,696,T,Y,-0.1842857176476608,0.0156553542515243,0.0156553542515243
BY4741,FKS1,HS3,FKS1-HS3,caspofungin,1,LDTYLWVIIVN,696,V,Y,0.0790758036680245,0.0246777263943619,0.0246777263943619
BY4741,FKS1,HS3,FKS1-HS3,caspofungin,1,LDTYLWWIIVN,696,W,Y,-0.2158912966076275,0.168166240312287,0.168166240312287
BY4741,FKS1,HS3,FKS1-HS3,caspofungin,1,LDTYLWYAIVN,697,A,I,-0.1881532875120656,0.1671076909055016,0.1671076909055015
BY4741,FKS1,HS3,FKS1-HS3,caspofungin,1,LDTYLWYCIVN,697,C,I,0.8932267557662917,0.040626480065192,0.040626480065192
BY4741,FKS1,HS3,FKS1-HS3,caspofungin,1,LDTYLWYDIVN,697,D,I,-0.002077668243608,0.1272594629216035,0.1272594629216035
BY4741,FKS1,HS3,FKS1-HS3,caspofungin,1,LDTYLWYEIVN,697,E,I,0.1124039764069223,0.2087030054741238,0.2087030054741238
BY4741,FKS1,HS3,FKS1-HS3,caspofungin,1,LDTYLWYFIVN,697,F,I,1.6062076146508588,0.026945909517394,0.0269459095173938
BY4741,FKS1,HS3,FKS1-HS3,caspofungin,1,LDTYLWYGIVN,697,G,I,1.5106680145925455,0.0376374357467041,0.0376374357467044
BY4741,FKS1,HS3,FKS1-HS3,caspofungin,1,LDTYLWYHIVN,697,H,I,1.222166068248155,0.0105039175530901,0.0105039175530901
BY4741,FKS1,HS3,FKS1-HS3,caspofungin,1,LDTYLWYI*VN,698,*,I,0.2306661122452833,0.1307163014804773,0.1307163014804773
BY4741,FKS1,HS3,FKS1-HS3,caspofungin,1,LDTYLWYIAVN,698,A,I,-0.18133227801959,0.1162071949275003,0.1162071949275003
BY4741,FKS1,HS3,FKS1-HS3,caspofungin,1,LDTYLWYICVN,698,C,I,0.7572083492813843,0.0600895949115369,0.0600895949115369
BY4741,FKS1,HS3,FKS1-HS3,caspofungin,1,LDTYLWYIEVN,698,E,I,-0.026469502784316,0.2235886939045807,0.2235886939045807
BY4741,FKS1,HS3,FKS1-HS3,caspofungin,1,LDTYLWYIHVN,698,H,I,-0.1157932703387234,0.0962671487796262,0.0962671487796262
BY4741,FKS1,HS3,FKS1-HS3,caspofungin,1,LDTYLWYII*N,699,*,V,0.1377113196008769,0.0244624493905262,0.0244624493905262
BY4741,FKS1,HS3,FKS1-HS3,caspofungin,1,LDTYLWYIIAN,699,A,V,0.352851905766903,0.0701320449558152,0.0701320449558152
BY4741,FKS1,HS3,FKS1-HS3,caspofungin,1,LDTYLWYIICN,699,C,V,0.4046713608594194,0.2304917995826386,0.2304917995826386
BY4741,FKS1,HS3,FKS1-HS3,caspofungin,1,LDTYLWYIIEN,699,E,V,-0.298446287078864,0.0820760230749958,0.0820760230749958
BY4741,FKS1,HS3,FKS1-HS3,caspofungin,1,LDTYLWYIIFN,699,F,V,-0.1642301096936669,0.1710743729741728,0.1710743729741728
BY4741,FKS1,HS3,FKS1-HS3,caspofungin,1,LDTYLWYIIGN,699,G,V,0.1327257868345586,0.0816051740271181,0.081605174027118
BY4741,FKS1,HS3,FKS1-HS3,caspofungin,1,LDTYLWYIIHN,699,H,V,0.9201566090525388,0.4523387581055457,0.4523387581055457
BY4741,FKS1,HS3,FKS1-HS3,caspofungin,1,LDTYLWYIIIN,699,I,V,-0.112702972203934,0.0589649452497971,0.0589649452497971
BY4741,FKS1,HS3,FKS1-HS3,caspofungin,1,LDTYLWYIILN,699,L,V,0.064004321649731,0.1027199490082319,0.1027199490082319
BY4741,FKS1,HS3,FKS1-HS3,caspofungin,1,LDTYLWYIINN,699,N,V,-0.1024648252244634,0.0749243801151144,0.0749243801151144
BY4741,FKS1,HS3,FKS1-HS3,caspofungin,1,LDTYLWYIIPN,699,P,V,-0.1715295578301165,0.1219442877047241,0.1219442877047241
BY4741,FKS1,HS3,FKS1-HS3,caspofungin,1,LDTYLWYIIQN,699,Q,V,-0.1698354285548567,0.0128203600274953,0.0128203600274953
BY4741,FKS1,HS3,FKS1-HS3,caspofungin,1,LDTYLWYIIRN,699,R,V,-0.1473883847461337,0.0987265832754044,0.0987265832754044
BY4741,FKS1,HS3,FKS1-HS3,caspofungin,1,LDTYLWYIISN,699,S,V,0.368897368700426,0.1905331090255509,0.1905331090255508
BY4741,FKS1,HS3,FKS1-HS3,caspofungin,1,LDTYLWYIITN,699,T,V,-0.2541258658674937,0.1327513541821816,0.1327513541821816
BY4741,FKS1,HS3,FKS1-HS3,caspofungin,1,LDTYLWYIIVA,700,A,N,0.080807112694053,0.2591274492423741,0.2591274492423741
BY4741,FKS1,HS3,FKS1-HS3,caspofungin,1,LDTYLWYIIVD,700,D,N,-0.2551878382864341,0.0450781811444847,0.0450781811444847
BY4741,FKS1,HS3,FKS1-HS3,caspofungin,1,LDTYLWYIIVE,700,E,N,0.0715610781692168,0.0671850184205335,0.0671850184205335
BY4741,FKS1,HS3,FKS1-HS3,caspofungin,1,LDTYLWYIIVF,700,F,N,-0.0136282757404146,0.1006473179897571,0.1006473179897571
BY4741,FKS1,HS3,FKS1-HS3,caspofungin,1,LDTYLWYIIVG,700,G,N,0.3431450091544297,0.103149495094097,0.103149495094097
BY4741,FKS1,HS3,FKS1-HS3,caspofungin,1,LDTYLWYIIVK,700,K,N,-0.2746598152231695,0.0825626028301814,0.0825626028301814
BY4741,FKS1,HS3,FKS1-HS3,caspofungin,1,LDTYLWYIIVL,700,L,N,-0.0801717515072194,0.075065454806174,0.075065454806174
BY4741,FKS1,HS3,FKS1-HS3,caspofungin,1,LDTYLWYIIVM,700,M,N,-0.0925902095497013,0.1804307900105006,0.1804307900105006
BY4741,FKS1,HS3,FKS1-HS3,caspofungin,1,LDTYLWYIIVP,700,P,N,0.1869630291154588,0.015179527417895,0.015179527417895
BY4741,FKS1,HS3,FKS1-HS3,caspofungin,1,LDTYLWYIIVQ,700,Q,N,-0.2052896358765118,0.0157154520179637,0.0157154520179637
BY4741,FKS1,HS3,FKS1-HS3,caspofungin,1,LDTYLWYIIVR,700,R,N,0.0697448465709066,0.087021850941064,0.087021850941064
BY4741,FKS1,HS3,FKS1-HS3,caspofungin,1,LDTYLWYIIVS,700,S,N,0.0680425533544706,0.2356315919825274,0.2356315919825273
BY4741,FKS1,HS3,FKS1-HS3,caspofungin,1,LDTYLWYIIVT,700,T,N,0.049006689368017,0.1832096154844346,0.1832096154844346
BY4741,FKS1,HS3,FKS1-HS3,caspofungin,1,LDTYLWYIIVV,700,V,N,0.0084114973744978,0.0918860459881031,0.0918860459881031
BY4741,FKS1,HS3,FKS1-HS3,caspofungin,1,LDTYLWYIIVW,700,W,N,-0.1219425405766581,0.1228826079920502,0.1228826079920502
BY4741,FKS1,HS3,FKS1-HS3,caspofungin,1,LDTYLWYIIVY,700,Y,N,-0.1275437636798594,0.1091721837595027,0.1091721837595027
BY4741,FKS1,HS3,FKS1-HS3,caspofungin,1,LDTYLWYIIWN,699,W,V,-0.300092347394574,0.078444627293154,0.078444627293154
BY4741,FKS1,HS3,FKS1-HS3,caspofungin,1,LDTYLWYIIYN,699,Y,V,0.1638200426019246,0.2838234504021037,0.2838234504021037
BY4741,FKS1,HS3,FKS1-HS3,caspofungin,1,LDTYLWYILVN,698,L,I,0.0295911956496352,0.0046441380514352,0.0046441380514352
BY4741,FKS1,HS3,FKS1-HS3,caspofungin,1,LDTYLWYINVN,698,N,I,0.1368420435395085,0.2896122654107795,0.2896122654107795
BY4741,FKS1,HS3,FKS1-HS3,caspofungin,1,LDTYLWYIPVN,698,P,I,0.2252927609759552,0.0260117967862552,0.0260117967862552
BY4741,FKS1,HS3,FKS1-HS3,caspofungin,1,LDTYLWYIRVN,698,R,I,0.123466206027698,0.191919958715684,0.191919958715684
BY4741,FKS1,HS3,FKS1-HS3,caspofungin,1,LDTYLWYISVN,698,S,I,-0.231114347834437,0.0399194759701487,0.0399194759701487
BY4741,FKS1,HS3,FKS1-HS3,caspofungin,1,LDTYLWYITVN,698,T,I,-0.184512485101345,0.0321235581476093,0.0321235581476093
BY4741,FKS1,HS3,FKS1-HS3,caspofungin,1,LDTYLWYIVVN,698,V,I,0.5546397856763756,0.119235261862624,0.1192352618626239
BY4741,FKS1,HS3,FKS1-HS3,caspofungin,1,LDTYLWYIYVN,698,Y,I,0.1468418396874583,0.2069462634302176,0.2069462634302176
BY4741,FKS1,HS3,FKS1-HS3,caspofungin,1,LDTYLWYLIVN,697,L,I,0.5100289063226281,0.04474181795274,0.0447418179527401
BY4741,FKS1,HS3,FKS1-HS3,caspofungin,1,LDTYLWYNIVN,697,N,I,1.7033184572660205,0.042386456155985,0.0423864561559852
BY4741,FKS1,HS3,FKS1-HS3,caspofungin,1,LDTYLWYPIVN,697,P,I,0.2776803631193132,0.0510919352114186,0.0510919352114185
BY4741,FKS1,HS3,FKS1-HS3,caspofungin,1,LDTYLWYQIVN,697,Q,I,0.4548307681567801,0.0357422751386147,0.0357422751386147
BY4741,FKS1,HS3,FKS1-HS3,caspofungin,1,LDTYLWYRIVN,697,R,I,1.4763114213743616,0.0481134123393913,0.0481134123393911
BY4741,FKS1,HS3,FKS1-HS3,caspofungin,1,LDTYLWYSIVN,697,S,I,1.4085828292404292,0.0165910584660069,0.0165910584660069
BY4741,FKS1,HS3,FKS1-HS3,caspofungin,1,LDTYLWYTIVN,697,T,I,1.4449688656911608,0.0280193854377608,0.0280193854377608
BY4741,FKS1,HS3,FKS1-HS3,caspofungin,1,LDTYLWYVIVN,697,V,I,-0.1928075959209998,0.0345710870906788,0.0345710870906788
BY4741,FKS1,HS3,FKS1-HS3,caspofungin,1,LDTYLWYWIVN,697,W,I,1.5920382241348987,0.0437329594429853,0.0437329594429856
BY4741,FKS1,HS3,FKS1-HS3,caspofungin,1,LDTYLWYYIVN,697,Y,I,1.5541017726221595,0.0358775106427633,0.0358775106427633
BY4741,FKS1,HS3,FKS1-HS3,caspofungin,1,LDTYLYYIIVN,695,Y,W,0.4747512296723089,0.077409014085258,0.077409014085258
BY4741,FKS1,HS3,FKS1-HS3,caspofungin,1,LDTYMWYIIVN,694,M,L,-0.3052170017208351,0.0021945336608236,0.0021945336608236
BY4741,FKS1,HS3,FKS1-HS3,caspofungin,1,LDTYNWYIIVN,694,N,L,0.9623857578853918,0.0376912401445638,0.0376912401445637
BY4741,FKS1,HS3,FKS1-HS3,caspofungin,1,LDTYQWYIIVN,694,Q,L,0.4918008674930956,0.1678398644363136,0.1678398644363136
BY4741,FKS1,HS3,FKS1-HS3,caspofungin,1,LDTYRWYIIVN,694,R,L,0.3363912221607467,0.0273706363696172,0.0273706363696172
BY4741,FKS1,HS3,FKS1-HS3,caspofungin,1,LDTYSWYIIVN,694,S,L,-0.0519665220769187,0.1450147093806835,0.1450147093806835
BY4741,FKS1,HS3,FKS1-HS3,caspofungin,1,LDTYTWYIIVN,694,T,L,-0.1308706759592075,0.0172382867036519,0.0172382867036519
BY4741,FKS1,HS3,FKS1-HS3,caspofungin,1,LDTYVWYIIVN,694,V,L,0.8485110334224168,0.0013875813620725,0.0013875813620726
BY4741,FKS1,HS3,FKS1-HS3,caspofungin,1,LDTYWWYIIVN,694,W,L,-0.2226539507187546,0.1282275006734953,0.1282275006734953
BY4741,FKS1,HS3,FKS1-HS3,caspofungin,1,LDTYYWYIIVN,694,Y,L,0.2568825071308214,0.0013168126059851,0.0013168126059851
BY4741,FKS1,HS3,FKS1-HS3,caspofungin,1,LDVYLWYIIVN,692,V,T,0.6908783840287184,0.0428284144949405,0.0428284144949405
BY4741,FKS1,HS3,FKS1-HS3,caspofungin,1,LDYYLWYIIVN,692,Y,T,0.0287152596103913,0.0771075320112618,0.0771075320112618
BY4741,FKS1,HS3,FKS1-HS3,caspofungin,1,LETYLWYIIVN,691,E,D,0.0130852412530046,0.0329114858240416,0.0329114858240416
BY4741,FKS1,HS3,FKS1-HS3,caspofungin,1,LFTYLWYIIVN,691,F,D,0.3850538293861828,0.0523621150209932,0.0523621150209932
BY4741,FKS1,HS3,FKS1-HS3,caspofungin,1,LGTYLWYIIVN,691,G,D,-0.1003841395556995,0.0528093154728298,0.0528093154728298
BY4741,FKS1,HS3,FKS1-HS3,caspofungin,1,LITYLWYIIVN,691,I,D,1.507729062646355,0.059375848447063,0.0593758484470627
BY4741,FKS1,HS3,FKS1-HS3,caspofungin,1,LKTYLWYIIVN,691,K,D,0.5979884212377689,0.0894053950426422,0.0894053950426422
BY4741,FKS1,HS3,FKS1-HS3,caspofungin,1,LLTYLWYIIVN,691,L,D,1.47900109697104,0.0301708556625825,0.0301708556625823
BY4741,FKS1,HS3,FKS1-HS3,caspofungin,1,LMTYLWYIIVN,691,M,D,1.5222444241329267,0.045408439754297,0.0454084397542973
BY4741,FKS1,HS3,FKS1-HS3,caspofungin,1,LNTYLWYIIVN,691,N,D,1.3168872552588542,0.035361623830973,0.035361623830973
BY4741,FKS1,HS3,FKS1-HS3,caspofungin,1,LPTYLWYIIVN,691,P,D,0.1848407531289564,0.2158231381609061,0.2158231381609061
BY4741,FKS1,HS3,FKS1-HS3,caspofungin,1,LQTYLWYIIVN,691,Q,D,1.5660491471264602,0.0524543610719221,0.0524543610719221
BY4741,FKS1,HS3,FKS1-HS3,caspofungin,1,LRTYLWYIIVN,691,R,D,0.5395484406216706,0.107787217333968,0.1077872173339681
BY4741,FKS1,HS3,FKS1-HS3,caspofungin,1,LSTYLWYIIVN,691,S,D,1.0924429259502153,0.0444492863942906,0.0444492863942906
BY4741,FKS1,HS3,FKS1-HS3,caspofungin,1,LTTYLWYIIVN,691,T,D,0.6984151651859888,0.0942054230316995,0.0942054230316995
BY4741,FKS1,HS3,FKS1-HS3,caspofungin,1,LVTYLWYIIVN,691,V,D,1.066487045539091,0.1106208817147862,0.1106208817147862
BY4741,FKS1,HS3,FKS1-HS3,caspofungin,1,LWTYLWYIIVN,691,W,D,0.041239595684958,0.0220631703497328,0.0220631703497328
BY4741,FKS1,HS3,FKS1-HS3,caspofungin,1,LYTYLWYIIVN,691,Y,D,0.0024895781204679,0.0562857662888433,0.0562857662888433
BY4741,FKS1,HS3,FKS1-HS3,caspofungin,1,MDTYLWYIIVN,690,M,L,-0.2160557830526513,0.1105281398392181,0.1105281398392181
BY4741,FKS1,HS3,FKS1-HS3,caspofungin,1,NDTYLWYIIVN,690,N,L,1.2046775010313655,0.047354413155777,0.047354413155777
BY4741,FKS1,HS3,FKS1-HS3,caspofungin,1,PDTYLWYIIVN,690,P,L,-0.0068207897313195,0.1265611517791147,0.1265611517791147
BY4741,FKS1,HS3,FKS1-HS3,caspofungin,1,SDTYLWYIIVN,690,S,L,-0.006547375959594,0.0743446726741357,0.0743446726741357
BY4741,FKS1,HS3,FKS1-HS3,caspofungin,1,TDTYLWYIIVN,690,T,L,0.0681800859735554,0.1336956585055795,0.1336956585055795
BY4741,FKS1,HS3,FKS1-HS3,caspofungin,1,VDTYLWYIIVN,690,V,L,-0.106530481872861,0.0359135321903764,0.0359135321903763
BY4741,FKS1,HS3,FKS1-HS3,caspofungin,1,YDTYLWYIIVN,690,Y,L,0.0021058497654511,0.1452710472968018,0.1452710472968018
BY4741,FKS1,HS3,FKS1-HS3,micafungin,0,LDTYLWYIIVN,not-applicable,not-applicable,not-applicable,-0.0860988296041373,0.0187450500028716,0.0187450500028716
BY4741,FKS1,HS3,FKS1-HS3,micafungin,1,*DTYLWYIIVN,690,*,L,0.1190660223362357,0.0673048329983208,0.0673048329983208
BY4741,FKS1,HS3,FKS1-HS3,micafungin,1,ADTYLWYIIVN,690,A,L,0.2729671428238686,0.0329636620624623,0.0329636620624623
BY4741,FKS1,HS3,FKS1-HS3,micafungin,1,CDTYLWYIIVN,690,C,L,-0.0527762457163359,0.0820262281089895,0.0820262281089895
BY4741,FKS1,HS3,FKS1-HS3,micafungin,1,EDTYLWYIIVN,690,E,L,0.3518087498216695,0.0226621903529354,0.0226621903529354
BY4741,FKS1,HS3,FKS1-HS3,micafungin,1,FDTYLWYIIVN,690,F,L,1.7408215046032014,0.0173415110484742,0.0173415110484742
BY4741,FKS1,HS3,FKS1-HS3,micafungin,1,HDTYLWYIIVN,690,H,L,1.2916035871110774,0.0059668678396831,0.0059668678396829
BY4741,FKS1,HS3,FKS1-HS3,micafungin,1,IDTYLWYIIVN,690,I,L,0.0434073425389828,0.008820886051384,0.008820886051384
BY4741,FKS1,HS3,FKS1-HS3,micafungin,1,L*TYLWYIIVN,691,*,D,0.0576276330173098,0.034085338819984,0.0340853388199839
BY4741,FKS1,HS3,FKS1-HS3,micafungin,1,LATYLWYIIVN,691,A,D,-0.0590260392935867,0.0343570759904873,0.0343570759904873
BY4741,FKS1,HS3,FKS1-HS3,micafungin,1,LCTYLWYIIVN,691,C,D,-0.046445197443386,0.0050747481907245,0.0050747481907245
BY4741,FKS1,HS3,FKS1-HS3,micafungin,1,LD*YLWYIIVN,692,*,T,0.1027793172136716,0.073544428854493,0.073544428854493
BY4741,FKS1,HS3,FKS1-HS3,micafungin,1,LDCYLWYIIVN,692,C,T,-0.2099664154692239,0.0709389586863954,0.0709389586863954
BY4741,FKS1,HS3,FKS1-HS3,micafungin,1,LDEYLWYIIVN,692,E,T,0.0513560715365928,0.0092844695209135,0.0092844695209135
BY4741,FKS1,HS3,FKS1-HS3,micafungin,1,LDFYLWYIIVN,692,F,T,-0.1244865852172526,0.0284790433347323,0.0284790433347323
BY4741,FKS1,HS3,FKS1-HS3,micafungin,1,LDGYLWYIIVN,692,G,T,0.0647114886907968,0.0468650803342768,0.0468650803342768
BY4741,FKS1,HS3,FKS1-HS3,micafungin,1,LDHYLWYIIVN,692,H,T,-0.1248134182856939,0.1890009428532025,0.1890009428532025
BY4741,FKS1,HS3,FKS1-HS3,micafungin,1,LDIYLWYIIVN,692,I,T,0.0244897224000965,0.10630291353002,0.10630291353002
BY4741,FKS1,HS3,FKS1-HS3,micafungin,1,LDKYLWYIIVN,692,K,T,1.058602769232246,0.0189168161435988,0.0189168161435986
BY4741,FKS1,HS3,FKS1-HS3,micafungin,1,LDLYLWYIIVN,692,L,T,0.0966705899105803,0.123105620209343,0.123105620209343
BY4741,FKS1,HS3,FKS1-HS3,micafungin,1,LDMYLWYIIVN,692,M,T,0.1170886856148455,0.0080905268166618,0.0080905268166618
BY4741,FKS1,HS3,FKS1-HS3,micafungin,1,LDQYLWYIIVN,692,Q,T,-0.4492492363591643,0.0913783048070639,0.0913783048070639
BY4741,FKS1,HS3,FKS1-HS3,micafungin,1,LDRYLWYIIVN,692,R,T,0.2590873177500335,0.0733414161541464,0.0733414161541464
BY4741,FKS1,HS3,FKS1-HS3,micafungin,1,LDSYLWYIIVN,692,S,T,-0.1559156156586274,0.0626000048038633,0.0626000048038633
BY4741,FKS1,HS3,FKS1-HS3,micafungin,1,LDTALWYIIVN,693,A,Y,-0.1788193605422974,0.1780379880968564,0.1780379880968563
BY4741,FKS1,HS3,FKS1-HS3,micafungin,1,LDTCLWYIIVN,693,C,Y,0.989845961937024,0.0226359197729264,0.0226359197729264
BY4741,FKS1,HS3,FKS1-HS3,micafungin,1,LDTDLWYIIVN,693,D,Y,-0.0805005830894722,0.0992218463740859,0.0992218463740859
BY4741,FKS1,HS3,FKS1-HS3,micafungin,1,LDTGLWYIIVN,693,G,Y,0.6137959783150713,0.0171198589708659,0.0171198589708658
BY4741,FKS1,HS3,FKS1-HS3,micafungin,1,LDTHLWYIIVN,693,H,Y,0.2666849517296988,0.0883775200233903,0.0883775200233903
BY4741,FKS1,HS3,FKS1-HS3,micafungin,1,LDTILWYIIVN,693,I,Y,0.7284316542974905,0.0352254808361636,0.0352254808361636
BY4741,FKS1,HS3,FKS1-HS3,micafungin,1,LDTKLWYIIVN,693,K,Y,-0.0604475064606191,0.0193008152904204,0.0193008152904204
BY4741,FKS1,HS3,FKS1-HS3,micafungin,1,LDTLLWYIIVN,693,L,Y,1.4148194409960282,0.0264137263553676,0.0264137263553678
BY4741,FKS1,HS3,FKS1-HS3,micafungin,1,LDTMLWYIIVN,693,M,Y,-0.1482090595696087,0.1339576847803342,0.1339576847803342
BY4741,FKS1,HS3,FKS1-HS3,micafungin,1,LDTNLWYIIVN,693,N,Y,0.6824159441858191,0.0809449360143373,0.0809449360143373
BY4741,FKS1,HS3,FKS1-HS3,micafungin,1,LDTPLWYIIVN,693,P,Y,1.599862030635948,0.0291820318226734,0.0291820318226734
BY4741,FKS1,HS3,FKS1-HS3,micafungin,1,LDTQLWYIIVN,693,Q,Y,-0.2240282406288877,0.2499561544080495,0.2499561544080495
BY4741,FKS1,HS3,FKS1-HS3,micafungin,1,LDTRLWYIIVN,693,R,Y,0.0645631404694181,0.0257661017814675,0.0257661017814675
BY4741,FKS1,HS3,FKS1-HS3,micafungin,1,LDTSLWYIIVN,693,S,Y,-0.1702945552271859,0.0389395917424451,0.038939591742445
BY4741,FKS1,HS3,FKS1-HS3,micafungin,1,LDTTLWYIIVN,693,T,Y,0.4018277490802839,0.034157259694418,0.034157259694418
BY4741,FKS1,HS3,FKS1-HS3,micafungin,1,LDTVLWYIIVN,693,V,Y,0.5940020705580225,0.0323445535133722,0.0323445535133722
BY4741,FKS1,HS3,FKS1-HS3,micafungin,1,LDTY*WYIIVN,694,*,L,0.3183692172608978,0.2055455210117722,0.2055455210117722
BY4741,FKS1,HS3,FKS1-HS3,micafungin,1,LDTYAWYIIVN,694,A,L,-0.2677675739913236,0.1334704864800107,0.1334704864800106
BY4741,FKS1,HS3,FKS1-HS3,micafungin,1,LDTYCWYIIVN,694,C,L,0.1013763641388533,0.0423823910135095,0.0423823910135095
BY4741,FKS1,HS3,FKS1-HS3,micafungin,1,LDTYDWYIIVN,694,D,L,0.0390973572818049,0.0838847380075389,0.0838847380075388
BY4741,FKS1,HS3,FKS1-HS3,micafungin,1,LDTYEWYIIVN,694,E,L,-0.199918856217989,0.2777641173334181,0.2777641173334181
BY4741,FKS1,HS3,FKS1-HS3,micafungin,1,LDTYFWYIIVN,694,F,L,1.4573962420599371,0.0240044983685463,0.0240044983685461
BY4741,FKS1,HS3,FKS1-HS3,micafungin,1,LDTYHWYIIVN,694,H,L,-0.5279239302821794,0.0707292167643232,0.0707292167643231
BY4741,FKS1,HS3,FKS1-HS3,micafungin,1,LDTYIWYIIVN,694,I,L,-0.0103575664846417,0.0895190469861386,0.0895190469861386
BY4741,FKS1,HS3,FKS1-HS3,micafungin,1,LDTYLAYIIVN,695,A,W,-0.0868602672965445,0.0350962536907094,0.0350962536907094
BY4741,FKS1,HS3,FKS1-HS3,micafungin,1,LDTYLCYIIVN,695,C,W,-0.2936007863126895,0.2490294585225031,0.249029458522503
BY4741,FKS1,HS3,FKS1-HS3,micafungin,1,LDTYLEYIIVN,695,E,W,0.527005282970344,0.1104527125680007,0.1104527125680007
BY4741,FKS1,HS3,FKS1-HS3,micafungin,1,LDTYLFYIIVN,695,F,W,1.1958567144756744,0.0094613240385388,0.0094613240385388
BY4741,FKS1,HS3,FKS1-HS3,micafungin,1,LDTYLGYIIVN,695,G,W,-0.1572567031874411,0.0181490601993792,0.0181490601993792
BY4741,FKS1,HS3,FKS1-HS3,micafungin,1,LDTYLHYIIVN,695,H,W,-0.2561509357280421,0.1763563311890649,0.1763563311890649
BY4741,FKS1,HS3,FKS1-HS3,micafungin,1,LDTYLKYIIVN,695,K,W,-0.1275464723857411,0.2158151522965266,0.2158151522965266
BY4741,FKS1,HS3,FKS1-HS3,micafungin,1,LDTYLLYIIVN,695,L,W,0.9630855871936884,0.0190053172310754,0.0190053172310755
BY4741,FKS1,HS3,FKS1-HS3,micafungin,1,LDTYLMYIIVN,695,M,W,1.465404753818489,0.0033270120186568,0.0033270120186568
BY4741,FKS1,HS3,FKS1-HS3,micafungin,1,LDTYLPYIIVN,695,P,W,-0.0498579112445211,0.1074785791162096,0.1074785791162096
BY4741,FKS1,HS3,FKS1-HS3,micafungin,1,LDTYLQYIIVN,695,Q,W,-0.3619358917816864,0.2427632888883056,0.2427632888883056
BY4741,FKS1,HS3,FKS1-HS3,micafungin,1,LDTYLRYIIVN,695,R,W,0.2059488870834349,0.1149509042508615,0.1149509042508615
BY4741,FKS1,HS3,FKS1-HS3,micafungin,1,LDTYLSYIIVN,695,S,W,-0.3330734890467072,0.0390000490585925,0.0390000490585925
BY4741,FKS1,HS3,FKS1-HS3,micafungin,1,LDTYLTYIIVN,695,T,W,-0.2230708502956045,0.0352940896482499,0.0352940896482499
BY4741,FKS1,HS3,FKS1-HS3,micafungin,1,LDTYLVYIIVN,695,V,W,-0.3489814860847868,0.0152647592857129,0.0152647592857129
BY4741,FKS1,HS3,FKS1-HS3,micafungin,1,LDTYLW*IIVN,696,*,Y,0.0964410316255217,0.0470709569012207,0.0470709569012207
BY4741,FKS1,HS3,FKS1-HS3,micafungin,1,LDTYLWAIIVN,696,A,Y,-0.2819427306585004,0.3072177030018372,0.3072177030018373
BY4741,FKS1,HS3,FKS1-HS3,micafungin,1,LDTYLWDIIVN,696,D,Y,0.0921825584130937,0.1242733339253756,0.1242733339253756
BY4741,FKS1,HS3,FKS1-HS3,micafungin,1,LDTYLWEIIVN,696,E,Y,-0.3130471446733301,0.1970895504032841,0.1970895504032841
BY4741,FKS1,HS3,FKS1-HS3,micafungin,1,LDTYLWFIIVN,696,F,Y,-0.1020069626512171,0.1248480569714561,0.1248480569714561
BY4741,FKS1,HS3,FKS1-HS3,micafungin,1,LDTYLWGIIVN,696,G,Y,-0.1486092537571862,0.0953716808048601,0.0953716808048601
BY4741,FKS1,HS3,FKS1-HS3,micafungin,1,LDTYLWHIIVN,696,H,Y,-0.2516828257412915,0.1525518243859165,0.1525518243859165
BY4741,FKS1,HS3,FKS1-HS3,micafungin,1,LDTYLWIIIVN,696,I,Y,0.2224177275499598,0.0918088301909967,0.0918088301909967
BY4741,FKS1,HS3,FKS1-HS3,micafungin,1,LDTYLWKIIVN,696,K,Y,-0.154301123164907,0.0014716751582441,0.0014716751582441
BY4741,FKS1,HS3,FKS1-HS3,micafungin,1,LDTYLWLIIVN,696,L,Y,0.0875120221075908,0.0694223713150847,0.0694223713150847
BY4741,FKS1,HS3,FKS1-HS3,micafungin,1,LDTYLWMIIVN,696,M,Y,-0.4546440403842388,0.0881480699656165,0.0881480699656165
BY4741,FKS1,HS3,FKS1-HS3,micafungin,1,LDTYLWNIIVN,696,N,Y,-0.3637105228271741,0.2178110665447337,0.2178110665447336
BY4741,FKS1,HS3,FKS1-HS3,micafungin,1,LDTYLWPIIVN,696,P,Y,0.0201749066576502,0.2195899287992063,0.2195899287992063
BY4741,FKS1,HS3,FKS1-HS3,micafungin,1,LDTYLWQIIVN,696,Q,Y,0.6613254454909264,0.0609089622541892,0.0609089622541892
BY4741,FKS1,HS3,FKS1-HS3,micafungin,1,LDTYLWRIIVN,696,R,Y,0.1173909675648074,0.0153184803105504,0.0153184803105503
BY4741,FKS1,HS3,FKS1-HS3,micafungin,1,LDTYLWSIIVN,696,S,Y,0.0031004026412936,0.1841460996302069,0.1841460996302069
BY4741,FKS1,HS3,FKS1-HS3,micafungin,1,LDTYLWTIIVN,696,T,Y,-0.2118851407675474,0.103706698164611,0.103706698164611
BY4741,FKS1,HS3,FKS1-HS3,micafungin,1,LDTYLWVIIVN,696,V,Y,-0.0165937913383244,0.1199899470268663,0.1199899470268663
BY4741,FKS1,HS3,FKS1-HS3,micafungin,1,LDTYLWWIIVN,696,W,Y,-0.1953352797849886,0.038588004786095,0.038588004786095
BY4741,FKS1,HS3,FKS1-HS3,micafungin,1,LDTYLWYAIVN,697,A,I,-0.3132156252212386,0.0824788273737974,0.0824788273737974
BY4741,FKS1,HS3,FKS1-HS3,micafungin,1,LDTYLWYCIVN,697,C,I,0.1441481821857384,0.0178283185871014,0.0178283185871014
BY4741,FKS1,HS3,FKS1-HS3,micafungin,1,LDTYLWYDIVN,697,D,I,0.0361619412760677,0.1173915214621929,0.1173915214621929
BY4741,FKS1,HS3,FKS1-HS3,micafungin,1,LDTYLWYEIVN,697,E,I,-0.1819946238062528,0.0423397809155344,0.0423397809155344
BY4741,FKS1,HS3,FKS1-HS3,micafungin,1,LDTYLWYFIVN,697,F,I,1.957420283297684,0.0356073856884147,0.0356073856884149
BY4741,FKS1,HS3,FKS1-HS3,micafungin,1,LDTYLWYGIVN,697,G,I,0.4913072092261418,0.0222389591775772,0.0222389591775772
BY4741,FKS1,HS3,FKS1-HS3,micafungin,1,LDTYLWYHIVN,697,H,I,0.1803929342031723,0.0759522458222277,0.0759522458222277
BY4741,FKS1,HS3,FKS1-HS3,micafungin,1,LDTYLWYI*VN,698,*,I,0.3103346115139656,0.133294575800143,0.133294575800143
BY4741,FKS1,HS3,FKS1-HS3,micafungin,1,LDTYLWYIAVN,698,A,I,-0.4842310050631271,0.0047850328184941,0.0047850328184941
BY4741,FKS1,HS3,FKS1-HS3,micafungin,1,LDTYLWYICVN,698,C,I,-0.2419380456280059,0.0649560459057821,0.0649560459057821
BY4741,FKS1,HS3,FKS1-HS3,micafungin,1,LDTYLWYIEVN,698,E,I,-0.2590489193431432,0.1699493437226731,0.1699493437226731
BY4741,FKS1,HS3,FKS1-HS3,micafungin,1,LDTYLWYIHVN,698,H,I,-0.3093067488802156,0.0706489363854572,0.0706489363854571
BY4741,FKS1,HS3,FKS1-HS3,micafungin,1,LDTYLWYII*N,699,*,V,0.0260279199804271,0.2295734059303988,0.2295734059303988
BY4741,FKS1,HS3,FKS1-HS3,micafungin,1,LDTYLWYIIAN,699,A,V,-0.2212888252081202,0.0662397177258876,0.0662397177258876
BY4741,FKS1,HS3,FKS1-HS3,micafungin,1,LDTYLWYIICN,699,C,V,-0.3019286823485475,0.1098347141382657,0.1098347141382657
BY4741,FKS1,HS3,FKS1-HS3,micafungin,1,LDTYLWYIIEN,699,E,V,-0.1576951288310493,0.0859395532080468,0.0859395532080468
BY4741,FKS1,HS3,FKS1-HS3,micafungin,1,LDTYLWYIIFN,699,F,V,-0.2199283371161204,0.0964297851977188,0.0964297851977188
BY4741,FKS1,HS3,FKS1-HS3,micafungin,1,LDTYLWYIIGN,699,G,V,0.0948222265699134,0.1632457689579864,0.1632457689579864
BY4741,FKS1,HS3,FKS1-HS3,micafungin,1,LDTYLWYIIHN,699,H,V,0.6889588947788701,0.1022017466486757,0.1022017466486758
BY4741,FKS1,HS3,FKS1-HS3,micafungin,1,LDTYLWYIIIN,699,I,V,-0.3190810895399492,0.0560556366630443,0.0560556366630443
BY4741,FKS1,HS3,FKS1-HS3,micafungin,1,LDTYLWYIILN,699,L,V,0.1600161064100742,0.0537032437318082,0.0537032437318082
BY4741,FKS1,HS3,FKS1-HS3,micafungin,1,LDTYLWYIINN,699,N,V,-0.4465208463093932,0.093732367135061,0.0937323671350611
BY4741,FKS1,HS3,FKS1-HS3,micafungin,1,LDTYLWYIIPN,699,P,V,-0.3201741336761289,0.0662753240363496,0.0662753240363496
BY4741,FKS1,HS3,FKS1-HS3,micafungin,1,LDTYLWYIIQN,699,Q,V,-0.2821310779859077,0.0809086142099737,0.0809086142099737
BY4741,FKS1,HS3,FKS1-HS3,micafungin,1,LDTYLWYIIRN,699,R,V,-0.1389707551983726,0.061017858100421,0.061017858100421
BY4741,FKS1,HS3,FKS1-HS3,micafungin,1,LDTYLWYIISN,699,S,V,-0.1572301555528997,0.0431864936143133,0.0431864936143133
BY4741,FKS1,HS3,FKS1-HS3,micafungin,1,LDTYLWYIITN,699,T,V,-0.3487526777023798,0.0269455482359639,0.0269455482359639
BY4741,FKS1,HS3,FKS1-HS3,micafungin,1,LDTYLWYIIVA,700,A,N,-0.1397273215334742,0.0274753254454957,0.0274753254454957
BY4741,FKS1,HS3,FKS1-HS3,micafungin,1,LDTYLWYIIVD,700,D,N,0.1327525274579712,0.1076436312796527,0.1076436312796527
BY4741,FKS1,HS3,FKS1-HS3,micafungin,1,LDTYLWYIIVE,700,E,N,-0.1357526778843674,0.1944997216720758,0.1944997216720758
BY4741,FKS1,HS3,FKS1-HS3,micafungin,1,LDTYLWYIIVF,700,F,N,0.0319883765952478,0.0767377490444134,0.0767377490444134
BY4741,FKS1,HS3,FKS1-HS3,micafungin,1,LDTYLWYIIVG,700,G,N,0.1029666881835362,0.030250969993822,0.030250969993822
BY4741,FKS1,HS3,FKS1-HS3,micafungin,1,LDTYLWYIIVK,700,K,N,-0.139164156615785,0.0504117998923285,0.0504117998923285
BY4741,FKS1,HS3,FKS1-HS3,micafungin,1,LDTYLWYIIVL,700,L,N,0.0196534578303133,0.1071002278843925,0.1071002278843925
BY4741,FKS1,HS3,FKS1-HS3,micafungin,1,LDTYLWYIIVM,700,M,N,-0.2424579115637879,0.0626590894554447,0.0626590894554447
BY4741,FKS1,HS3,FKS1-HS3,micafungin,1,LDTYLWYIIVP,700,P,N,0.0557537532335716,0.1606951026811506,0.1606951026811506
BY4741,FKS1,HS3,FKS1-HS3,micafungin,1,LDTYLWYIIVQ,700,Q,N,-0.4971135326079415,0.088901141167266,0.0889011411672659
BY4741,FKS1,HS3,FKS1-HS3,micafungin,1,LDTYLWYIIVR,700,R,N,-0.0498323848568188,0.1047890338950514,0.1047890338950514
BY4741,FKS1,HS3,FKS1-HS3,micafungin,1,LDTYLWYIIVS,700,S,N,-0.171477646805777,0.0897391107489036,0.0897391107489036
BY4741,FKS1,HS3,FKS1-HS3,micafungin,1,LDTYLWYIIVT,700,T,N,-0.100013928397556,0.1677359773668059,0.1677359773668059
BY4741,FKS1,HS3,FKS1-HS3,micafungin,1,LDTYLWYIIVV,700,V,N,-0.3003831977213425,0.1545852477587125,0.1545852477587125
BY4741,FKS1,HS3,FKS1-HS3,micafungin,1,LDTYLWYIIVW,700,W,N,-0.194241500068537,0.2257405036841069,0.2257405036841069
BY4741,FKS1,HS3,FKS1-HS3,micafungin,1,LDTYLWYIIVY,700,Y,N,-0.2564998940659818,0.0756535817060849,0.0756535817060849
BY4741,FKS1,HS3,FKS1-HS3,micafungin,1,LDTYLWYIIWN,699,W,V,-0.1143294983977908,0.1390382650120296,0.1390382650120296
BY4741,FKS1,HS3,FKS1-HS3,micafungin,1,LDTYLWYIIYN,699,Y,V,-0.0625623482049383,0.0224361618841156,0.0224361618841156
BY4741,FKS1,HS3,FKS1-HS3,micafungin,1,LDTYLWYILVN,698,L,I,-0.241368000773596,0.1864747720895278,0.1864747720895278
BY4741,FKS1,HS3,FKS1-HS3,micafungin,1,LDTYLWYINVN,698,N,I,-0.172429353849671,0.3399010899348809,0.3399010899348809
BY4741,FKS1,HS3,FKS1-HS3,micafungin,1,LDTYLWYIPVN,698,P,I,-0.0145063864464621,0.0993168328626645,0.0993168328626645
BY4741,FKS1,HS3,FKS1-HS3,micafungin,1,LDTYLWYIRVN,698,R,I,0.1485969968307741,0.0499668907165851,0.0499668907165851
BY4741,FKS1,HS3,FKS1-HS3,micafungin,1,LDTYLWYISVN,698,S,I,-0.0629083310004797,0.0494636599123483,0.0494636599123483
BY4741,FKS1,HS3,FKS1-HS3,micafungin,1,LDTYLWYITVN,698,T,I,-0.2615881737088154,0.0592002863249008,0.0592002863249008
BY4741,FKS1,HS3,FKS1-HS3,micafungin,1,LDTYLWYIVVN,698,V,I,-0.1956755650879384,0.0904110734766838,0.0904110734766838
BY4741,FKS1,HS3,FKS1-HS3,micafungin,1,LDTYLWYIYVN,698,Y,I,-0.2319541694691745,0.0223625092195369,0.0223625092195369
BY4741,FKS1,HS3,FKS1-HS3,micafungin,1,LDTYLWYLIVN,697,L,I,0.0794309520475434,0.0421661160381207,0.0421661160381207
BY4741,FKS1,HS3,FKS1-HS3,micafungin,1,LDTYLWYNIVN,697,N,I,1.924522801423922,0.017595827615219,0.0175958276152188
BY4741,FKS1,HS3,FKS1-HS3,micafungin,1,LDTYLWYPIVN,697,P,I,0.1024956871115191,0.0389263853178044,0.0389263853178044
BY4741,FKS1,HS3,FKS1-HS3,micafungin,1,LDTYLWYQIVN,697,Q,I,-0.2201829755650077,0.049895340249053,0.0498953402490529
BY4741,FKS1,HS3,FKS1-HS3,micafungin,1,LDTYLWYRIVN,697,R,I,1.6098338474438252,0.0244668857125809,0.0244668857125809
BY4741,FKS1,HS3,FKS1-HS3,micafungin,1,LDTYLWYSIVN,697,S,I,0.0045500663092911,0.0218000688105907,0.0218000688105907
BY4741,FKS1,HS3,FKS1-HS3,micafungin,1,LDTYLWYTIVN,697,T,I,0.2814382079713659,0.0463497858355256,0.0463497858355256
BY4741,FKS1,HS3,FKS1-HS3,micafungin,1,LDTYLWYVIVN,697,V,I,-0.0560324113885039,0.0163751336333674,0.0163751336333674
BY4741,FKS1,HS3,FKS1-HS3,micafungin,1,LDTYLWYWIVN,697,W,I,1.9249803275629012,0.0248628731044493,0.0248628731044491
BY4741,FKS1,HS3,FKS1-HS3,micafungin,1,LDTYLWYYIVN,697,Y,I,1.8423917706775412,0.0302509689586638,0.0302509689586636
BY4741,FKS1,HS3,FKS1-HS3,micafungin,1,LDTYLYYIIVN,695,Y,W,0.9147835611613402,0.0214999194987024,0.0214999194987023
BY4741,FKS1,HS3,FKS1-HS3,micafungin,1,LDTYMWYIIVN,694,M,L,-0.2075770459485763,0.0251129287491073,0.0251129287491073
BY4741,FKS1,HS3,FKS1-HS3,micafungin,1,LDTYNWYIIVN,694,N,L,-0.1042290988903282,0.0327448902496059,0.0327448902496059
BY4741,FKS1,HS3,FKS1-HS3,micafungin,1,LDTYQWYIIVN,694,Q,L,-0.2520597765509483,0.102531201150851,0.102531201150851
BY4741,FKS1,HS3,FKS1-HS3,micafungin,1,LDTYRWYIIVN,694,R,L,-0.003603620113827,0.0038854532305511,0.0038854532305511
BY4741,FKS1,HS3,FKS1-HS3,micafungin,1,LDTYSWYIIVN,694,S,L,-0.3152266057794067,0.0043630968824437,0.0043630968824437
BY4741,FKS1,HS3,FKS1-HS3,micafungin,1,LDTYTWYIIVN,694,T,L,-0.0716420430245367,0.1515188616393255,0.1515188616393255
BY4741,FKS1,HS3,FKS1-HS3,micafungin,1,LDTYVWYIIVN,694,V,L,-0.1212106530428343,0.1529197504964312,0.1529197504964312
BY4741,FKS1,HS3,FKS1-HS3,micafungin,1,LDTYWWYIIVN,694,W,L,-0.0602291174355676,0.0730021540322971,0.0730021540322971
BY4741,FKS1,HS3,FKS1-HS3,micafungin,1,LDTYYWYIIVN,694,Y,L,0.2987203139125612,0.1952500672370883,0.1952500672370883
BY4741,FKS1,HS3,FKS1-HS3,micafungin,1,LDVYLWYIIVN,692,V,T,-0.3294707792226348,0.1814870975814447,0.1814870975814447
BY4741,FKS1,HS3,FKS1-HS3,micafungin,1,LDYYLWYIIVN,692,Y,T,0.0428493708733214,0.2731184027991976,0.2731184027991976
BY4741,FKS1,HS3,FKS1-HS3,micafungin,1,LETYLWYIIVN,691,E,D,-0.1135189673157494,0.0243206425895468,0.0243206425895468
BY4741,FKS1,HS3,FKS1-HS3,micafungin,1,LFTYLWYIIVN,691,F,D,-0.0489843119945753,0.1285844122251254,0.1285844122251254
BY4741,FKS1,HS3,FKS1-HS3,micafungin,1,LGTYLWYIIVN,691,G,D,-0.001764724260198,0.0347589069420611,0.0347589069420611
BY4741,FKS1,HS3,FKS1-HS3,micafungin,1,LITYLWYIIVN,691,I,D,1.7819524673902551,0.0116178652891834,0.0116178652891834
BY4741,FKS1,HS3,FKS1-HS3,micafungin,1,LKTYLWYIIVN,691,K,D,0.3155526240796728,0.0862661572726374,0.0862661572726374
BY4741,FKS1,HS3,FKS1-HS3,micafungin,1,LLTYLWYIIVN,691,L,D,1.776170094533197,0.0269728780626572,0.0269728780626572
BY4741,FKS1,HS3,FKS1-HS3,micafungin,1,LMTYLWYIIVN,691,M,D,1.8575266754295603,0.0050519917794806,0.0050519917794806
BY4741,FKS1,HS3,FKS1-HS3,micafungin,1,LNTYLWYIIVN,691,N,D,-0.0302219810370438,0.0890926110097723,0.0890926110097723
BY4741,FKS1,HS3,FKS1-HS3,micafungin,1,LPTYLWYIIVN,691,P,D,0.8290501929851384,0.0014228123478078,0.0014228123478078
BY4741,FKS1,HS3,FKS1-HS3,micafungin,1,LQTYLWYIIVN,691,Q,D,1.7462016987795477,0.0124957059621442,0.0124957059621442
BY4741,FKS1,HS3,FKS1-HS3,micafungin,1,LRTYLWYIIVN,691,R,D,0.8189272310498931,0.0800861475818482,0.0800861475818482
BY4741,FKS1,HS3,FKS1-HS3,micafungin,1,LSTYLWYIIVN,691,S,D,1.2505745726837778,0.0414365021997329,0.0414365021997329
BY4741,FKS1,HS3,FKS1-HS3,micafungin,1,LTTYLWYIIVN,691,T,D,-0.2906265255742314,0.1089433740848267,0.1089433740848267
BY4741,FKS1,HS3,FKS1-HS3,micafungin,1,LVTYLWYIIVN,691,V,D,1.2379776074138684,0.0263795979710919,0.0263795979710921
BY4741,FKS1,HS3,FKS1-HS3,micafungin,1,LWTYLWYIIVN,691,W,D,-0.0309098728295653,0.2757665061390251,0.2757665061390251
BY4741,FKS1,HS3,FKS1-HS3,micafungin,1,LYTYLWYIIVN,691,Y,D,0.2032951945269577,0.0503757926419199,0.0503757926419199
BY4741,FKS1,HS3,FKS1-HS3,micafungin,1,MDTYLWYIIVN,690,M,L,-0.231246938874205,0.0527379511216276,0.0527379511216276
BY4741,FKS1,HS3,FKS1-HS3,micafungin,1,NDTYLWYIIVN,690,N,L,-0.1666710899081134,0.0753807426689004,0.0753807426689004
BY4741,FKS1,HS3,FKS1-HS3,micafungin,1,PDTYLWYIIVN,690,P,L,-0.3253777384919963,0.1647432880845739,0.1647432880845739
BY4741,FKS1,HS3,FKS1-HS3,micafungin,1,SDTYLWYIIVN,690,S,L,-0.3390059319975231,0.0928318774674155,0.0928318774674155
BY4741,FKS1,HS3,FKS1-HS3,micafungin,1,TDTYLWYIIVN,690,T,L,-0.4264769523430241,0.2845740334098692,0.2845740334098692
BY4741,FKS1,HS3,FKS1-HS3,micafungin,1,VDTYLWYIIVN,690,V,L,0.0945005936791476,0.0285875347295085,0.0285875347295085
BY4741,FKS1,HS3,FKS1-HS3,micafungin,1,YDTYLWYIIVN,690,Y,L,0.0208480308871095,0.0057361932290605,0.0057361932290605
BY4741,FKS1,HS3,FKS1-HS3,none,0,LDTYLWYIIVN,not-applicable,not-applicable,not-applicable,0.0228848906775382,0.005063078692091,0.005063078692091
BY4741,FKS1,HS3,FKS1-HS3,none,1,*DTYLWYIIVN,690,*,L,-0.2210821000653705,0.0487083896898553,0.0487083896898553
BY4741,FKS1,HS3,FKS1-HS3,none,1,ADTYLWYIIVN,690,A,L,0.050069447885387,0.0217086527017925,0.0217086527017925
BY4741,FKS1,HS3,FKS1-HS3,none,1,CDTYLWYIIVN,690,C,L,-0.0114074411688274,0.0101509792500801,0.0101509792500801
BY4741,FKS1,HS3,FKS1-HS3,none,1,EDTYLWYIIVN,690,E,L,0.024106536862631,0.0068877705525178,0.0068877705525178
BY4741,FKS1,HS3,FKS1-HS3,none,1,FDTYLWYIIVN,690,F,L,-0.0169068223676853,0.0094096273850904,0.0094096273850904
BY4741,FKS1,HS3,FKS1-HS3,none,1,HDTYLWYIIVN,690,H,L,-0.0002852597156164,0.0057198332720458,0.0057198332720458
BY4741,FKS1,HS3,FKS1-HS3,none,1,IDTYLWYIIVN,690,I,L,-0.000251881891765,0.0050777205973355,0.0050777205973355
BY4741,FKS1,HS3,FKS1-HS3,none,1,L*TYLWYIIVN,691,*,D,-0.2870128627090162,0.0854316616321048,0.0854316616321048
BY4741,FKS1,HS3,FKS1-HS3,none,1,LATYLWYIIVN,691,A,D,-0.2938809265453573,0.0244007532426197,0.0244007532426197
BY4741,FKS1,HS3,FKS1-HS3,none,1,LCTYLWYIIVN,691,C,D,-0.0186411990038605,0.0061008804360354,0.0061008804360354
BY4741,FKS1,HS3,FKS1-HS3,none,1,LD*YLWYIIVN,692,*,T,-0.2232842500268744,0.0375968146209448,0.0375968146209448
BY4741,FKS1,HS3,FKS1-HS3,none,1,LDCYLWYIIVN,692,C,T,-0.329879938867552,0.0098328619760506,0.0098328619760505
BY4741,FKS1,HS3,FKS1-HS3,none,1,LDEYLWYIIVN,692,E,T,-0.025714565052162,0.0144469349731875,0.0144469349731875
BY4741,FKS1,HS3,FKS1-HS3,none,1,LDFYLWYIIVN,692,F,T,-0.0449712543112231,0.022181245140979,0.022181245140979
BY4741,FKS1,HS3,FKS1-HS3,none,1,LDGYLWYIIVN,692,G,T,-0.0025929386562387,0.0029388703768244,0.0029388703768244
BY4741,FKS1,HS3,FKS1-HS3,none,1,LDHYLWYIIVN,692,H,T,-0.1200020089622757,0.0091724583048821,0.0091724583048821
BY4741,FKS1,HS3,FKS1-HS3,none,1,LDIYLWYIIVN,692,I,T,-0.3498369042544851,0.0279190314185717,0.0279190314185718
BY4741,FKS1,HS3,FKS1-HS3,none,1,LDKYLWYIIVN,692,K,T,-0.0103616093127628,0.0464359369391187,0.0464359369391187
BY4741,FKS1,HS3,FKS1-HS3,none,1,LDLYLWYIIVN,692,L,T,-0.4204368821984027,0.0408184169240561,0.0408184169240561
BY4741,FKS1,HS3,FKS1-HS3,none,1,LDMYLWYIIVN,692,M,T,0.0109959499080682,0.0042259565471799,0.0042259565471799
BY4741,FKS1,HS3,FKS1-HS3,none,1,LDQYLWYIIVN,692,Q,T,0.00742103494632,0.0263176761516143,0.0263176761516143
BY4741,FKS1,HS3,FKS1-HS3,none,1,LDRYLWYIIVN,692,R,T,-0.4146243795499062,0.0010832501247974,0.0010832501247974
BY4741,FKS1,HS3,FKS1-HS3,none,1,LDSYLWYIIVN,692,S,T,0.0399923066962936,0.0078631640031607,0.0078631640031607
BY4741,FKS1,HS3,FKS1-HS3,none,1,LDTALWYIIVN,693,A,Y,0.0125006883503443,0.0205314407837954,0.0205314407837954
BY4741,FKS1,HS3,FKS1-HS3,none,1,LDTCLWYIIVN,693,C,Y,-0.0001177317537192,0.0151574912820593,0.0151574912820593
BY4741,FKS1,HS3,FKS1-HS3,none,1,LDTDLWYIIVN,693,D,Y,-0.032960638346465,0.0158806285099515,0.0158806285099515
BY4741,FKS1,HS3,FKS1-HS3,none,1,LDTGLWYIIVN,693,G,Y,0.0141162371663714,0.0023006958804203,0.0023006958804203
BY4741,FKS1,HS3,FKS1-HS3,none,1,LDTHLWYIIVN,693,H,Y,-0.008297035024555,0.0331275917172897,0.0331275917172897
BY4741,FKS1,HS3,FKS1-HS3,none,1,LDTILWYIIVN,693,I,Y,-0.0575647014654337,0.002930144506683,0.002930144506683
BY4741,FKS1,HS3,FKS1-HS3,none,1,LDTKLWYIIVN,693,K,Y,-0.0559877282235834,0.0232314122660819,0.0232314122660819
BY4741,FKS1,HS3,FKS1-HS3,none,1,LDTLLWYIIVN,693,L,Y,0.0016959736689667,0.0088818041274295,0.0088818041274295
BY4741,FKS1,HS3,FKS1-HS3,none,1,LDTMLWYIIVN,693,M,Y,0.0320499846161347,0.0045789364440496,0.0045789364440496
BY4741,FKS1,HS3,FKS1-HS3,none,1,LDTNLWYIIVN,693,N,Y,-0.3931461754677168,0.2625877141035161,0.2625877141035161
BY4741,FKS1,HS3,FKS1-HS3,none,1,LDTPLWYIIVN,693,P,Y,0.023571677078673,0.0110459845312429,0.0110459845312429
BY4741,FKS1,HS3,FKS1-HS3,none,1,LDTQLWYIIVN,693,Q,Y,-0.0036009509799156,0.0271263166811036,0.0271263166811036
BY4741,FKS1,HS3,FKS1-HS3,none,1,LDTRLWYIIVN,693,R,Y,0.0082528064762904,0.0087094935360843,0.0087094935360843
BY4741,FKS1,HS3,FKS1-HS3,none,1,LDTSLWYIIVN,693,S,Y,0.0283858451551117,0.0032202820264549,0.0032202820264549
BY4741,FKS1,HS3,FKS1-HS3,none,1,LDTTLWYIIVN,693,T,Y,-0.5092265733169422,0.0239439271586331,0.0239439271586331
BY4741,FKS1,HS3,FKS1-HS3,none,1,LDTVLWYIIVN,693,V,Y,-0.0054665790077543,0.0157591414897174,0.0157591414897174
BY4741,FKS1,HS3,FKS1-HS3,none,1,LDTY*WYIIVN,694,*,L,-0.253076125383064,0.0289116358211315,0.0289116358211315
BY4741,FKS1,HS3,FKS1-HS3,none,1,LDTYAWYIIVN,694,A,L,0.0092464609837206,0.0026530503390128,0.0026530503390128
BY4741,FKS1,HS3,FKS1-HS3,none,1,LDTYCWYIIVN,694,C,L,-0.0412951793028822,0.0102922437473142,0.0102922437473142
BY4741,FKS1,HS3,FKS1-HS3,none,1,LDTYDWYIIVN,694,D,L,-0.0574130377957465,0.0266896883336164,0.0266896883336164
BY4741,FKS1,HS3,FKS1-HS3,none,1,LDTYEWYIIVN,694,E,L,0.0020941969605146,0.0113215526326368,0.0113215526326368
BY4741,FKS1,HS3,FKS1-HS3,none,1,LDTYFWYIIVN,694,F,L,0.0479709667791748,0.0217593001564311,0.0217593001564311
BY4741,FKS1,HS3,FKS1-HS3,none,1,LDTYHWYIIVN,694,H,L,0.0212439931081146,0.0063485506464195,0.0063485506464195
BY4741,FKS1,HS3,FKS1-HS3,none,1,LDTYIWYIIVN,694,I,L,0.0365105743006083,0.0264398696021905,0.0264398696021906
BY4741,FKS1,HS3,FKS1-HS3,none,1,LDTYLAYIIVN,695,A,W,-0.0671334184172185,0.0317522613433844,0.0317522613433844
BY4741,FKS1,HS3,FKS1-HS3,none,1,LDTYLCYIIVN,695,C,W,-0.0481161572492324,0.0284998589310357,0.0284998589310357
BY4741,FKS1,HS3,FKS1-HS3,none,1,LDTYLEYIIVN,695,E,W,-0.862387048384724,0.0191306923779774,0.0191306923779773
BY4741,FKS1,HS3,FKS1-HS3,none,1,LDTYLFYIIVN,695,F,W,-0.2427897984488538,0.0376020489466747,0.0376020489466747
BY4741,FKS1,HS3,FKS1-HS3,none,1,LDTYLGYIIVN,695,G,W,-0.0107287061172185,0.0006849012308462,0.0006849012308462
BY4741,FKS1,HS3,FKS1-HS3,none,1,LDTYLHYIIVN,695,H,W,-0.0467477456992786,0.0194347265140592,0.0194347265140592
BY4741,FKS1,HS3,FKS1-HS3,none,1,LDTYLKYIIVN,695,K,W,-0.8590836519323357,0.0708484114792253,0.0708484114792252
BY4741,FKS1,HS3,FKS1-HS3,none,1,LDTYLLYIIVN,695,L,W,-0.1780611361591804,0.014373031851443,0.014373031851443
BY4741,FKS1,HS3,FKS1-HS3,none,1,LDTYLMYIIVN,695,M,W,-0.249396859753295,0.0457149386476359,0.0457149386476359
BY4741,FKS1,HS3,FKS1-HS3,none,1,LDTYLPYIIVN,695,P,W,-0.0449377476831796,0.0330439991094399,0.0330439991094399
BY4741,FKS1,HS3,FKS1-HS3,none,1,LDTYLQYIIVN,695,Q,W,-0.4479783705202464,0.0494842195821415,0.0494842195821416
BY4741,FKS1,HS3,FKS1-HS3,none,1,LDTYLRYIIVN,695,R,W,-0.1379842622067293,0.046594118926239,0.0465941189262389
BY4741,FKS1,HS3,FKS1-HS3,none,1,LDTYLSYIIVN,695,S,W,0.0267857714800062,0.0155006068066787,0.0155006068066787
BY4741,FKS1,HS3,FKS1-HS3,none,1,LDTYLTYIIVN,695,T,W,-0.0439779451813302,0.018040133314723,0.018040133314723
BY4741,FKS1,HS3,FKS1-HS3,none,1,LDTYLVYIIVN,695,V,W,-0.0868400532630478,0.0121542545938197,0.0121542545938197
BY4741,FKS1,HS3,FKS1-HS3,none,1,LDTYLW*IIVN,696,*,Y,-0.3874295044937901,0.0678267152146632,0.0678267152146632
BY4741,FKS1,HS3,FKS1-HS3,none,1,LDTYLWAIIVN,696,A,Y,0.0273341205586474,0.0270470867122286,0.0270470867122286
BY4741,FKS1,HS3,FKS1-HS3,none,1,LDTYLWDIIVN,696,D,Y,0.0187879930263612,0.0261407771411765,0.0261407771411765
BY4741,FKS1,HS3,FKS1-HS3,none,1,LDTYLWEIIVN,696,E,Y,0.0027278000623204,0.0080203742440249,0.0080203742440249
BY4741,FKS1,HS3,FKS1-HS3,none,1,LDTYLWFIIVN,696,F,Y,0.00609937782396,0.0051498985434265,0.0051498985434265
BY4741,FKS1,HS3,FKS1-HS3,none,1,LDTYLWGIIVN,696,G,Y,0.037245619400134,0.0141374098375423,0.0141374098375423
BY4741,FKS1,HS3,FKS1-HS3,none,1,LDTYLWHIIVN,696,H,Y,0.0379411079263503,0.0104379419533632,0.0104379419533632
BY4741,FKS1,HS3,FKS1-HS3,none,1,LDTYLWIIIVN,696,I,Y,-0.3726949961875694,0.1119181878292143,0.1119181878292144
BY4741,FKS1,HS3,FKS1-HS3,none,1,LDTYLWKIIVN,696,K,Y,-0.0282610507223994,0.0107176033401647,0.0107176033401647
BY4741,FKS1,HS3,FKS1-HS3,none,1,LDTYLWLIIVN,696,L,Y,0.0500965126878243,0.0001734278868805,0.0001734278868805
BY4741,FKS1,HS3,FKS1-HS3,none,1,LDTYLWMIIVN,696,M,Y,-0.0111192302541622,0.0203861447931819,0.0203861447931819
BY4741,FKS1,HS3,FKS1-HS3,none,1,LDTYLWNIIVN,696,N,Y,-0.0050893173601322,0.023327306923805,0.023327306923805
BY4741,FKS1,HS3,FKS1-HS3,none,1,LDTYLWPIIVN,696,P,Y,-0.3036735168906648,0.0521047998249512,0.0521047998249511
BY4741,FKS1,HS3,FKS1-HS3,none,1,LDTYLWQIIVN,696,Q,Y,-0.7074892055236809,0.0360381644496496,0.0360381644496496
BY4741,FKS1,HS3,FKS1-HS3,none,1,LDTYLWRIIVN,696,R,Y,-0.0404622816511089,0.0053924159876638,0.0053924159876638
BY4741,FKS1,HS3,FKS1-HS3,none,1,LDTYLWSIIVN,696,S,Y,0.0314740646010558,0.0009009800286596,0.0009009800286596
BY4741,FKS1,HS3,FKS1-HS3,none,1,LDTYLWTIIVN,696,T,Y,0.0361561060535639,0.0123410293251257,0.0123410293251257
BY4741,FKS1,HS3,FKS1-HS3,none,1,LDTYLWVIIVN,696,V,Y,-0.1292059150120827,0.0006887869903161,0.0006887869903161
BY4741,FKS1,HS3,FKS1-HS3,none,1,LDTYLWWIIVN,696,W,Y,0.0534712730720031,0.0003427712683784,0.0003427712683784
BY4741,FKS1,HS3,FKS1-HS3,none,1,LDTYLWYAIVN,697,A,I,0.0492752720475316,0.0233876758971747,0.0233876758971748
BY4741,FKS1,HS3,FKS1-HS3,none,1,LDTYLWYCIVN,697,C,I,0.0348814406135323,0.0097528546639915,0.0097528546639915
BY4741,FKS1,HS3,FKS1-HS3,none,1,LDTYLWYDIVN,697,D,I,-0.0143629109937358,0.0050998625486566,0.0050998625486566
BY4741,FKS1,HS3,FKS1-HS3,none,1,LDTYLWYEIVN,697,E,I,0.0285124994841516,0.0233676924780222,0.0233676924780222
BY4741,FKS1,HS3,FKS1-HS3,none,1,LDTYLWYFIVN,697,F,I,0.0075882776196131,0.0159635410142169,0.0159635410142169
BY4741,FKS1,HS3,FKS1-HS3,none,1,LDTYLWYGIVN,697,G,I,0.0108307831665096,0.0068633683633672,0.0068633683633672
BY4741,FKS1,HS3,FKS1-HS3,none,1,LDTYLWYHIVN,697,H,I,-0.3086032977507712,0.0213810951655227,0.0213810951655227
BY4741,FKS1,HS3,FKS1-HS3,none,1,LDTYLWYI*VN,698,*,I,-0.2301460836371038,0.03810224291372,0.03810224291372
BY4741,FKS1,HS3,FKS1-HS3,none,1,LDTYLWYIAVN,698,A,I,0.0463283382889549,0.0019292278936824,0.0019292278936824
BY4741,FKS1,HS3,FKS1-HS3,none,1,LDTYLWYICVN,698,C,I,0.0110147728656125,0.000579926978647,0.000579926978647
BY4741,FKS1,HS3,FKS1-HS3,none,1,LDTYLWYIEVN,698,E,I,-0.0098466602805438,0.0113156523184072,0.0113156523184072
BY4741,FKS1,HS3,FKS1-HS3,none,1,LDTYLWYIHVN,698,H,I,-0.0030885813157308,0.0062960166583463,0.0062960166583463
BY4741,FKS1,HS3,FKS1-HS3,none,1,LDTYLWYII*N,699,*,V,-0.1791050229235148,0.0127040206094008,0.0127040206094008
BY4741,FKS1,HS3,FKS1-HS3,none,1,LDTYLWYIIAN,699,A,V,0.0177700810783028,0.013551062057492,0.013551062057492
BY4741,FKS1,HS3,FKS1-HS3,none,1,LDTYLWYIICN,699,C,V,0.0343791541229684,0.0105492110914309,0.0105492110914309
BY4741,FKS1,HS3,FKS1-HS3,none,1,LDTYLWYIIEN,699,E,V,0.0266810925045107,0.0098383742980895,0.0098383742980895
BY4741,FKS1,HS3,FKS1-HS3,none,1,LDTYLWYIIFN,699,F,V,0.0106961719385049,0.0068492308589393,0.0068492308589393
BY4741,FKS1,HS3,FKS1-HS3,none,1,LDTYLWYIIGN,699,G,V,-0.0018492331876353,0.0040109112219698,0.0040109112219698
BY4741,FKS1,HS3,FKS1-HS3,none,1,LDTYLWYIIHN,699,H,V,-0.1646742926999577,0.0120272586535608,0.0120272586535608
BY4741,FKS1,HS3,FKS1-HS3,none,1,LDTYLWYIIIN,699,I,V,0.0273862834163693,0.027328915580717,0.027328915580717
BY4741,FKS1,HS3,FKS1-HS3,none,1,LDTYLWYIILN,699,L,V,-0.052082819507542,0.0021405629809763,0.0021405629809763
BY4741,FKS1,HS3,FKS1-HS3,none,1,LDTYLWYIINN,699,N,V,0.0412051917728613,0.0036967348889354,0.0036967348889354
BY4741,FKS1,HS3,FKS1-HS3,none,1,LDTYLWYIIPN,699,P,V,-0.2453691042639277,0.1191277576567818,0.1191277576567818
BY4741,FKS1,HS3,FKS1-HS3,none,1,LDTYLWYIIQN,699,Q,V,0.0066986037255189,0.0130645222869376,0.0130645222869376
BY4741,FKS1,HS3,FKS1-HS3,none,1,LDTYLWYIIRN,699,R,V,-0.0945202462435882,0.0138047271937658,0.0138047271937658
BY4741,FKS1,HS3,FKS1-HS3,none,1,LDTYLWYIISN,699,S,V,0.0251165231326605,0.0134231095159627,0.0134231095159627
BY4741,FKS1,HS3,FKS1-HS3,none,1,LDTYLWYIITN,699,T,V,0.022373744785295,0.0062272204722749,0.0062272204722749
BY4741,FKS1,HS3,FKS1-HS3,none,1,LDTYLWYIIVA,700,A,N,0.0389375383518031,0.0101239532860454,0.0101239532860454
BY4741,FKS1,HS3,FKS1-HS3,none,1,LDTYLWYIIVD,700,D,N,0.0179277786640542,0.0088774444803985,0.0088774444803985
BY4741,FKS1,HS3,FKS1-HS3,none,1,LDTYLWYIIVE,700,E,N,0.1227279362744916,0.0303776209295663,0.0303776209295663
BY4741,FKS1,HS3,FKS1-HS3,none,1,LDTYLWYIIVF,700,F,N,0.0329803586948288,0.0311674024936531,0.0311674024936531
BY4741,FKS1,HS3,FKS1-HS3,none,1,LDTYLWYIIVG,700,G,N,-0.2148793877350618,0.0808329960634499,0.0808329960634499
BY4741,FKS1,HS3,FKS1-HS3,none,1,LDTYLWYIIVK,700,K,N,0.0051213233851505,0.0321010325094367,0.0321010325094367
BY4741,FKS1,HS3,FKS1-HS3,none,1,LDTYLWYIIVL,700,L,N,0.0507823914465421,0.0373875463927152,0.0373875463927152
BY4741,FKS1,HS3,FKS1-HS3,none,1,LDTYLWYIIVM,700,M,N,0.0337731312315093,0.0185175723874312,0.0185175723874312
BY4741,FKS1,HS3,FKS1-HS3,none,1,LDTYLWYIIVP,700,P,N,-0.261558860945963,0.067355821449369,0.067355821449369
BY4741,FKS1,HS3,FKS1-HS3,none,1,LDTYLWYIIVQ,700,Q,N,0.0352863024324496,0.0013912350145355,0.0013912350145355
BY4741,FKS1,HS3,FKS1-HS3,none,1,LDTYLWYIIVR,700,R,N,-0.3982497519523398,0.0858908779499472,0.0858908779499472
BY4741,FKS1,HS3,FKS1-HS3,none,1,LDTYLWYIIVS,700,S,N,0.027750318551165,0.0017099795238926,0.0017099795238926
BY4741,FKS1,HS3,FKS1-HS3,none,1,LDTYLWYIIVT,700,T,N,0.0379158886827371,0.004412233252187,0.004412233252187
BY4741,FKS1,HS3,FKS1-HS3,none,1,LDTYLWYIIVV,700,V,N,0.0108935152810905,0.0005626600534671,0.0005626600534671
BY4741,FKS1,HS3,FKS1-HS3,none,1,LDTYLWYIIVW,700,W,N,0.0192399889433811,0.0047738232041148,0.0047738232041148
BY4741,FKS1,HS3,FKS1-HS3,none,1,LDTYLWYIIVY,700,Y,N,0.0355827598073784,0.0141136842521459,0.0141136842521459
BY4741,FKS1,HS3,FKS1-HS3,none,1,LDTYLWYIIWN,699,W,V,0.0356182140992771,0.0181863785155793,0.0181863785155793
BY4741,FKS1,HS3,FKS1-HS3,none,1,LDTYLWYIIYN,699,Y,V,-0.0025536715439463,0.0313404266146433,0.0313404266146433
BY4741,FKS1,HS3,FKS1-HS3,none,1,LDTYLWYILVN,698,L,I,0.0265021766990352,0.0051628531667383,0.0051628531667383
BY4741,FKS1,HS3,FKS1-HS3,none,1,LDTYLWYINVN,698,N,I,0.0240845312071387,0.0174551522203514,0.0174551522203514
BY4741,FKS1,HS3,FKS1-HS3,none,1,LDTYLWYIPVN,698,P,I,-0.3757828374135133,0.0376023764860088,0.0376023764860089
BY4741,FKS1,HS3,FKS1-HS3,none,1,LDTYLWYIRVN,698,R,I,-0.1757050632352357,0.0195145219878393,0.0195145219878393
BY4741,FKS1,HS3,FKS1-HS3,none,1,LDTYLWYISVN,698,S,I,0.0181880936134103,0.0034254773704049,0.0034254773704049
BY4741,FKS1,HS3,FKS1-HS3,none,1,LDTYLWYITVN,698,T,I,0.0349794854974738,0.0215943679809872,0.0215943679809872
BY4741,FKS1,HS3,FKS1-HS3,none,1,LDTYLWYIVVN,698,V,I,0.0541837661694456,0.0146298750192045,0.0146298750192046
BY4741,FKS1,HS3,FKS1-HS3,none,1,LDTYLWYIYVN,698,Y,I,0.0076248664543371,0.0226713062002874,0.0226713062002874
BY4741,FKS1,HS3,FKS1-HS3,none,1,LDTYLWYLIVN,697,L,I,-0.1921094872636419,0.000613193290142,0.000613193290142
BY4741,FKS1,HS3,FKS1-HS3,none,1,LDTYLWYNIVN,697,N,I,0.0933250566418356,0.003387894332346,0.003387894332346
BY4741,FKS1,HS3,FKS1-HS3,none,1,LDTYLWYPIVN,697,P,I,-0.2101780866966383,0.0178064488158608,0.0178064488158608
BY4741,FKS1,HS3,FKS1-HS3,none,1,LDTYLWYQIVN,697,Q,I,0.0278713052242268,0.0025907243690673,0.0025907243690673
BY4741,FKS1,HS3,FKS1-HS3,none,1,LDTYLWYRIVN,697,R,I,-0.0312915324016618,0.0032701792955097,0.0032701792955097
BY4741,FKS1,HS3,FKS1-HS3,none,1,LDTYLWYSIVN,697,S,I,0.0413447381685354,0.0131700725794545,0.0131700725794545
BY4741,FKS1,HS3,FKS1-HS3,none,1,LDTYLWYTIVN,697,T,I,0.0340278194713026,0.0087321741099709,0.0087321741099709
BY4741,FKS1,HS3,FKS1-HS3,none,1,LDTYLWYVIVN,697,V,I,0.0215345663927446,0.0131371548327224,0.0131371548327224
BY4741,FKS1,HS3,FKS1-HS3,none,1,LDTYLWYWIVN,697,W,I,0.0024787988668397,0.0022027314001457,0.0022027314001457
BY4741,FKS1,HS3,FKS1-HS3,none,1,LDTYLWYYIVN,697,Y,I,-0.0230178079161879,0.0024543918539047,0.0024543918539047
BY4741,FKS1,HS3,FKS1-HS3,none,1,LDTYLYYIIVN,695,Y,W,-0.0171120208967153,0.0123949948945432,0.0123949948945432
BY4741,FKS1,HS3,FKS1-HS3,none,1,LDTYMWYIIVN,694,M,L,0.0648112310404035,0.0292492947690543,0.0292492947690543
BY4741,FKS1,HS3,FKS1-HS3,none,1,LDTYNWYIIVN,694,N,L,-0.0329221200495376,0.0010932702948504,0.0010932702948504
BY4741,FKS1,HS3,FKS1-HS3,none,1,LDTYQWYIIVN,694,Q,L,0.0317069874488592,0.0182478010084976,0.0182478010084976
BY4741,FKS1,HS3,FKS1-HS3,none,1,LDTYRWYIIVN,694,R,L,-0.2289990124248291,0.0341366897600992,0.0341366897600992
BY4741,FKS1,HS3,FKS1-HS3,none,1,LDTYSWYIIVN,694,S,L,-0.0067920466728991,0.0071091959887673,0.0071091959887673
BY4741,FKS1,HS3,FKS1-HS3,none,1,LDTYTWYIIVN,694,T,L,0.0091694560867992,0.0014123726115381,0.0014123726115381
BY4741,FKS1,HS3,FKS1-HS3,none,1,LDTYVWYIIVN,694,V,L,0.0262211124705366,0.0065594851355662,0.0065594851355662
BY4741,FKS1,HS3,FKS1-HS3,none,1,LDTYWWYIIVN,694,W,L,0.019465628696052,0.0018438342050805,0.0018438342050805
BY4741,FKS1,HS3,FKS1-HS3,none,1,LDTYYWYIIVN,694,Y,L,-0.1989610885286911,0.0513568518142189,0.0513568518142189
BY4741,FKS1,HS3,FKS1-HS3,none,1,LDVYLWYIIVN,692,V,T,-0.0694682321350793,0.0031474596331324,0.0031474596331324
BY4741,FKS1,HS3,FKS1-HS3,none,1,LDYYLWYIIVN,692,Y,T,-0.0978994119593339,0.0365570895167869,0.0365570895167869
BY4741,FKS1,HS3,FKS1-HS3,none,1,LETYLWYIIVN,691,E,D,0.0135805905953222,0.0137035602120397,0.0137035602120397
BY4741,FKS1,HS3,FKS1-HS3,none,1,LFTYLWYIIVN,691,F,D,-0.2042368827263757,0.0176259759850126,0.0176259759850126
BY4741,FKS1,HS3,FKS1-HS3,none,1,LGTYLWYIIVN,691,G,D,-0.953000852699608,0.0369736552159297,0.0369736552159298
BY4741,FKS1,HS3,FKS1-HS3,none,1,LITYLWYIIVN,691,I,D,-0.0068279334309123,0.0062356223194204,0.0062356223194204
BY4741,FKS1,HS3,FKS1-HS3,none,1,LKTYLWYIIVN,691,K,D,-0.9080486767687956,0.2027026281115909,0.2027026281115911
BY4741,FKS1,HS3,FKS1-HS3,none,1,LLTYLWYIIVN,691,L,D,-0.0036991950796225,0.0002973108355435,0.0002973108355435
BY4741,FKS1,HS3,FKS1-HS3,none,1,LMTYLWYIIVN,691,M,D,0.0132609874163661,0.0189947903762095,0.0189947903762095
BY4741,FKS1,HS3,FKS1-HS3,none,1,LNTYLWYIIVN,691,N,D,0.0179641115084362,0.0053132874376685,0.0053132874376685
BY4741,FKS1,HS3,FKS1-HS3,none,1,LPTYLWYIIVN,691,P,D,-0.6113445391206993,0.0696858798136407,0.0696858798136406
BY4741,FKS1,HS3,FKS1-HS3,none,1,LQTYLWYIIVN,691,Q,D,-0.0309078817050336,0.0163070183603254,0.0163070183603254
BY4741,FKS1,HS3,FKS1-HS3,none,1,LRTYLWYIIVN,691,R,D,-0.7918453084243838,0.1396039309430529,0.1396039309430529
BY4741,FKS1,HS3,FKS1-HS3,none,1,LSTYLWYIIVN,691,S,D,-0.5193313189291655,0.0155280440550914,0.0155280440550914
BY4741,FKS1,HS3,FKS1-HS3,none,1,LTTYLWYIIVN,691,T,D,-0.0406563401006273,0.0147811294421461,0.0147811294421461
BY4741,FKS1,HS3,FKS1-HS3,none,1,LVTYLWYIIVN,691,V,D,-0.1832566108671272,0.0483660319261439,0.0483660319261439
BY4741,FKS1,HS3,FKS1-HS3,none,1,LWTYLWYIIVN,691,W,D,-0.3970214582505333,0.069023404065485,0.0690234040654851
BY4741,FKS1,HS3,FKS1-HS3,none,1,LYTYLWYIIVN,691,Y,D,-0.3324567556471941,0.0614300313044988,0.0614300313044988
BY4741,FKS1,HS3,FKS1-HS3,none,1,MDTYLWYIIVN,690,M,L,0.0364476391299272,0.0253527709968191,0.0253527709968191
BY4741,FKS1,HS3,FKS1-HS3,none,1,NDTYLWYIIVN,690,N,L,-0.0829895068000093,0.0028421095765572,0.0028421095765572
BY4741,FKS1,HS3,FKS1-HS3,none,1,PDTYLWYIIVN,690,P,L,0.0317912262573882,0.004992008882832,0.004992008882832
BY4741,FKS1,HS3,FKS1-HS3,none,1,SDTYLWYIIVN,690,S,L,0.0035622913713645,0.004580429309321,0.004580429309321
BY4741,FKS1,HS3,FKS1-HS3,none,1,TDTYLWYIIVN,690,T,L,0.0161972146370644,0.006893289588343,0.006893289588343
BY4741,FKS1,HS3,FKS1-HS3,none,1,VDTYLWYIIVN,690,V,L,-0.0193267977439188,0.0403416599747773,0.0403416599747773
BY4741,FKS1,HS3,FKS1-HS3,none,1,YDTYLWYIIVN,690,Y,L,-0.2135760969047199,0.0451157537888776,0.0451157537888776
