compound,aa_seq,Nham_aa,aa_pos,alt_aa,wt_aa,s,min_s,max_s,label,rclass,refined_class,sensres
anidulafungin,*LVLSLRDP,1,639,*,F,0.058613468940289,0.0411323823630678,0.0411323823630678,0.0,WT-like,WT-like,sensitive
anidulafungin,ALVLSLRDP,1,639,A,F,1.0693791728324156,0.0336800586644703,0.0336800586644705,2.0,intermediary,intermediary,resistant
anidulafungin,DLVLSLRDP,1,639,D,F,-0.062651864328148,0.0879587742239032,0.0879587742239032,0.0,WT-like,WT-like,sensitive
anidulafungin,ELVLSLRDP,1,639,E,F,0.3648728376020917,0.0969386402182392,0.0969386402182392,0.0,WT-like,WT-like,sensitive
anidulafungin,F*VLSLRDP,1,640,*,L,0.0878764012725633,0.0593283880515601,0.0593283880515601,0.0,WT-like,WT-like,sensitive
anidulafungin,FAVLSLRDP,1,640,A,L,0.6086372654427423,0.0194109007979212,0.0194109007979212,2.0,intermediary,intermediary,resistant
anidulafungin,FCVLSLRDP,1,640,C,L,0.1097592918292723,0.0792578598074744,0.0792578598074744,0.0,WT-like,WT-like,sensitive
anidulafungin,FEVLSLRDP,1,640,E,L,0.4769556757485694,0.0688043242818454,0.0688043242818454,2.0,intermediary,intermediary,resistant
anidulafungin,FFVLSLRDP,1,640,F,L,-0.1813894241415573,0.0036124803198478,0.0036124803198478,0.0,WT-like,WT-like,sensitive
anidulafungin,FGVLSLRDP,1,640,G,L,0.8684964522030487,0.0172556985854549,0.017255698585455,2.0,intermediary,intermediary,resistant
anidulafungin,FHVLSLRDP,1,640,H,L,0.1274146122965201,0.019948128977386,0.019948128977386,0.0,WT-like,WT-like,sensitive
anidulafungin,FIVLSLRDP,1,640,I,L,-0.1750523382567964,0.1563805549384968,0.1563805549384968,0.0,WT-like,WT-like,sensitive
anidulafungin,FKVLSLRDP,1,640,K,L,-0.1304582234745893,0.1932771727649865,0.1932771727649865,0.0,WT-like,WT-like,sensitive
anidulafungin,FL*LSLRDP,1,641,*,V,-0.0343649131098255,0.0308444738964831,0.0308444738964831,0.0,WT-like,WT-like,sensitive
anidulafungin,FLALSLRDP,1,641,A,V,0.0499088612281378,0.0752817635999306,0.0752817635999306,0.0,WT-like,WT-like,sensitive
anidulafungin,FLCLSLRDP,1,641,C,V,0.0235972777859148,0.0648649147497466,0.0648649147497466,0.0,WT-like,WT-like,sensitive
anidulafungin,FLELSLRDP,1,641,E,V,-0.3666278879783414,0.0397394254839049,0.0397394254839049,0.0,WT-like,WT-like,sensitive
anidulafungin,FLFLSLRDP,1,641,F,V,0.2812970441103071,0.0496453316234804,0.0496453316234804,0.0,WT-like,WT-like,sensitive
anidulafungin,FLGLSLRDP,1,641,G,V,-0.0443296396430618,0.0271473095931186,0.0271473095931186,0.0,WT-like,WT-like,sensitive
anidulafungin,FLHLSLRDP,1,641,H,V,-0.0374032548517821,0.0371723548993953,0.0371723548993953,0.0,WT-like,WT-like,sensitive
anidulafungin,FLILSLRDP,1,641,I,V,-0.3213276734760373,0.0028947990511219,0.0028947990511219,0.0,WT-like,WT-like,sensitive
anidulafungin,FLKLSLRDP,1,641,K,V,1.1199638819914164,0.0677069083346699,0.0677069083346699,2.0,intermediary,intermediary,resistant
anidulafungin,FLLLSLRDP,1,641,L,V,-0.0950935534292566,0.0241700953252123,0.0241700953252123,0.0,WT-like,WT-like,sensitive
anidulafungin,FLMLSLRDP,1,641,M,V,-0.3038270207226037,0.0638918509492402,0.0638918509492402,0.0,WT-like,WT-like,sensitive
anidulafungin,FLPLSLRDP,1,641,P,V,0.1383516319969289,0.0335462824288887,0.0335462824288887,0.0,WT-like,WT-like,sensitive
anidulafungin,FLQLSLRDP,1,641,Q,V,-0.173432180612472,0.0788248766834288,0.0788248766834288,0.0,WT-like,WT-like,sensitive
anidulafungin,FLRLSLRDP,1,641,R,V,1.1582087740458529,0.0269309514772035,0.0269309514772038,2.0,intermediary,intermediary,resistant
anidulafungin,FLSLSLRDP,1,641,S,V,0.7200341916747295,0.0277232768286014,0.0277232768286013,2.0,intermediary,intermediary,resistant
anidulafungin,FLTLSLRDP,1,641,T,V,-0.101550233134884,0.0340301841977895,0.0340301841977895,0.0,WT-like,WT-like,sensitive
anidulafungin,FLV*SLRDP,1,642,*,L,0.0848868255887101,0.11187348643188,0.11187348643188,0.0,WT-like,WT-like,sensitive
anidulafungin,FLVASLRDP,1,642,A,L,-0.2388910226268407,0.0732140735817709,0.0732140735817709,0.0,WT-like,WT-like,sensitive
anidulafungin,FLVCSLRDP,1,642,C,L,0.2085276285340318,0.0128556468259824,0.0128556468259824,0.0,WT-like,WT-like,sensitive
anidulafungin,FLVDSLRDP,1,642,D,L,-0.0645120996744034,0.0651347399405943,0.0651347399405943,0.0,WT-like,WT-like,sensitive
anidulafungin,FLVESLRDP,1,642,E,L,-0.2051658389179548,0.0810293574668196,0.0810293574668196,0.0,WT-like,WT-like,sensitive
anidulafungin,FLVFSLRDP,1,642,F,L,1.2722990560365757,0.0331111872742151,0.0331111872742153,1.0,resistant,resistant,resistant
anidulafungin,FLVHSLRDP,1,642,H,L,1.3076067416274295,0.0456792819376521,0.0456792819376521,1.0,resistant,resistant,resistant
anidulafungin,FLVISLRDP,1,642,I,L,-0.1673674813905339,0.2297398411159937,0.2297398411159937,0.0,WT-like,WT-like,sensitive
anidulafungin,FLVL*LRDP,1,643,*,S,0.711050784337577,0.0934172936426607,0.0934172936426607,2.0,intermediary,intermediary,resistant
anidulafungin,FLVLALRDP,1,643,A,S,0.0910962726599115,0.0227743040680977,0.0227743040680977,0.0,WT-like,WT-like,sensitive
anidulafungin,FLVLCLRDP,1,643,C,S,0.9409171539648844,0.0397587702667707,0.0397587702667707,2.0,intermediary,intermediary,resistant
anidulafungin,FLVLDLRDP,1,643,D,S,1.0809185144875588,0.0198793202508453,0.0198793202508453,2.0,intermediary,intermediary,resistant
anidulafungin,FLVLELRDP,1,643,E,S,1.2575144721930025,0.0510356273875167,0.0510356273875169,1.0,resistant,resistant,resistant
anidulafungin,FLVLFLRDP,1,643,F,S,1.2463488611549152,0.0172672753834841,0.0172672753834843,1.0,resistant,resistant,resistant
anidulafungin,FLVLGLRDP,1,643,G,S,0.3706204215645687,0.0504798880421563,0.0504798880421562,0.0,WT-like,WT-like,sensitive
anidulafungin,FLVLHLRDP,1,643,H,S,1.1505368810189585,0.0076440635494341,0.0076440635494341,2.0,intermediary,intermediary,resistant
anidulafungin,FLVLILRDP,1,643,I,S,1.2265538292398437,0.0264217269506763,0.0264217269506761,1.0,resistant,resistant,resistant
anidulafungin,FLVLKLRDP,1,643,K,S,1.228406017212785,0.0504125719951769,0.0504125719951769,1.0,resistant,resistant,resistant
anidulafungin,FLVLLLRDP,1,643,L,S,1.2011487779365058,0.0384875600073162,0.038487560007316,1.0,resistant,resistant,resistant
anidulafungin,FLVLMLRDP,1,643,M,S,1.1017847774388092,0.0304821189642992,0.0304821189642994,2.0,intermediary,intermediary,resistant
anidulafungin,FLVLNLRDP,1,643,N,S,1.285762814829376,0.050936956143665,0.0509369561436647,1.0,resistant,resistant,resistant
anidulafungin,FLVLPLRDP,1,643,P,S,1.2765167552766823,0.0194341427589199,0.0194341427589199,1.0,resistant,resistant,resistant
anidulafungin,FLVLQLRDP,1,643,Q,S,1.2647014519658992,0.0476741239054969,0.0476741239054969,1.0,resistant,resistant,resistant
anidulafungin,FLVLRLRDP,1,643,R,S,1.282581367619198,0.0541095053018978,0.0541095053018978,1.0,resistant,resistant,resistant
anidulafungin,FLVLS*RDP,1,644,*,L,-0.0402272899955618,0.0460074571169961,0.0460074571169961,0.0,WT-like,WT-like,sensitive
anidulafungin,FLVLSARDP,1,644,A,L,-0.1900260975724851,0.157694729784112,0.1576947297841121,0.0,WT-like,WT-like,sensitive
anidulafungin,FLVLSCRDP,1,644,C,L,-0.0614326240049349,0.0766141527743491,0.0766141527743491,0.0,WT-like,WT-like,sensitive
anidulafungin,FLVLSDRDP,1,644,D,L,-0.229907635890776,0.1194976236117508,0.1194976236117508,0.0,WT-like,WT-like,sensitive
anidulafungin,FLVLSERDP,1,644,E,L,-0.0599511945810367,0.059032257503759,0.059032257503759,0.0,WT-like,WT-like,sensitive
anidulafungin,FLVLSFRDP,1,644,F,L,-0.4003670341797826,0.4033646667900084,0.4033646667900084,0.0,WT-like,WT-like,sensitive
anidulafungin,FLVLSGRDP,1,644,G,L,-0.2884539415629956,0.2089018200007346,0.2089018200007346,0.0,WT-like,WT-like,sensitive
anidulafungin,FLVLSHRDP,1,644,H,L,1.2775966258176918,0.0707440639702432,0.0707440639702432,1.0,resistant,resistant,resistant
anidulafungin,FLVLSIRDP,1,644,I,L,-0.2073776802595539,0.0014643217383356,0.0014643217383356,0.0,WT-like,WT-like,sensitive
anidulafungin,FLVLSKRDP,1,644,K,L,0.221990384617547,0.012265770783962,0.012265770783962,0.0,WT-like,WT-like,sensitive
anidulafungin,FLVLSL*DP,1,645,*,R,-0.3353244433788769,0.0485540755778707,0.0485540755778707,0.0,WT-like,WT-like,sensitive
anidulafungin,FLVLSLADP,1,645,A,R,0.7128595547062551,0.0681838776398976,0.0681838776398976,2.0,intermediary,intermediary,resistant
anidulafungin,FLVLSLCDP,1,645,C,R,0.0839469742422081,0.0009955363587624,0.0009955363587624,0.0,WT-like,WT-like,sensitive
anidulafungin,FLVLSLDDP,1,645,D,R,0.0948116489942526,0.0298434188602266,0.0298434188602266,0.0,WT-like,WT-like,sensitive
anidulafungin,FLVLSLEDP,1,645,E,R,-0.2547709375102999,0.0640510906327753,0.0640510906327753,0.0,WT-like,WT-like,sensitive
anidulafungin,FLVLSLFDP,1,645,F,R,-0.093704419558298,0.0770643583496283,0.0770643583496283,0.0,WT-like,WT-like,sensitive
anidulafungin,FLVLSLGDP,1,645,G,R,1.265419234614372,0.0649883002722047,0.0649883002722047,1.0,resistant,resistant,resistant
anidulafungin,FLVLSLIDP,1,645,I,R,-0.1242554514112511,0.108029868402257,0.108029868402257,0.0,WT-like,WT-like,sensitive
anidulafungin,FLVLSLKDP,1,645,K,R,0.0588008941066391,0.0530483831432223,0.0530483831432223,0.0,WT-like,WT-like,sensitive
anidulafungin,FLVLSLLDP,1,645,L,R,0.1710016721785615,0.2621538318141936,0.2621538318141936,0.0,WT-like,WT-like,sensitive
anidulafungin,FLVLSLMDP,1,645,M,R,-0.1095284543006441,0.1146214504137296,0.1146214504137296,0.0,WT-like,WT-like,sensitive
anidulafungin,FLVLSLNDP,1,645,N,R,0.4077887330078841,0.0273883183476266,0.0273883183476266,0.0,WT-like,WT-like,sensitive
anidulafungin,FLVLSLPDP,1,645,P,R,0.4435801870293447,0.0539720010219857,0.0539720010219857,2.0,intermediary,intermediary,resistant
anidulafungin,FLVLSLQDP,1,645,Q,R,-0.132039664821752,0.0033518242461344,0.0033518242461344,0.0,WT-like,WT-like,sensitive
anidulafungin,FLVLSLR*P,1,646,*,D,0.2913984238089454,0.0354052972118243,0.0354052972118243,0.0,WT-like,WT-like,sensitive
anidulafungin,FLVLSLRAP,1,646,A,D,1.2649129444039426,0.0436387906090676,0.0436387906090676,1.0,resistant,resistant,resistant
anidulafungin,FLVLSLRCP,1,646,C,D,1.2629265100376956,0.0424020720429683,0.0424020720429683,1.0,resistant,resistant,resistant
anidulafungin,FLVLSLRD*,1,647,*,P,0.0283996569728046,0.0839705021435366,0.0839705021435366,0.0,WT-like,WT-like,sensitive
anidulafungin,FLVLSLRDA,1,647,A,P,1.2572856104427397,0.0217995087407343,0.0217995087407343,1.0,resistant,resistant,resistant
anidulafungin,FLVLSLRDD,1,647,D,P,1.2641139220253672,0.0480397872455247,0.0480397872455244,1.0,resistant,resistant,resistant
anidulafungin,FLVLSLRDE,1,647,E,P,1.2536664570120784,0.0002977128132779,0.0002977128132781,1.0,resistant,resistant,resistant
anidulafungin,FLVLSLRDF,1,647,F,P,1.1984540106503223,0.0284843996247354,0.0284843996247354,1.0,resistant,resistant,resistant
anidulafungin,FLVLSLRDG,1,647,G,P,1.215106402333667,0.0416704932687927,0.0416704932687927,1.0,resistant,resistant,resistant
anidulafungin,FLVLSLRDH,1,647,H,P,1.2209691958860494,0.0152020988001071,0.0152020988001069,1.0,resistant,resistant,resistant
anidulafungin,FLVLSLRDI,1,647,I,P,1.2412146810496605,0.0226535820969522,0.0226535820969522,1.0,resistant,resistant,resistant
anidulafungin,FLVLSLRDK,1,647,K,P,1.155842797912249,0.0291786288041195,0.0291786288041198,2.0,intermediary,intermediary,resistant
anidulafungin,FLVLSLRDL,1,647,L,P,1.2153909351564842,0.0273543807719456,0.0273543807719454,1.0,resistant,resistant,resistant
anidulafungin,FLVLSLRDM,1,647,M,P,1.251855985015617,0.0327461409986931,0.0327461409986931,1.0,resistant,resistant,resistant
anidulafungin,FLVLSLRDP,0,not-applicable,not-applicable,not-applicable,-0.1132101707124805,0.0111997334533802,0.0111997334533802,0.0,WT-like,WT-like,sensitive
anidulafungin,FLVLSLRDR,1,647,R,P,0.9275306788707316,0.0410662036529001,0.0410662036529,2.0,intermediary,intermediary,resistant
anidulafungin,FLVLSLRDS,1,647,S,P,1.2023708191798708,0.0296138377595334,0.0296138377595334,1.0,resistant,resistant,resistant
anidulafungin,FLVLSLRDT,1,647,T,P,1.2562538689445677,0.0025123007856988,0.0025123007856986,1.0,resistant,resistant,resistant
anidulafungin,FLVLSLRDV,1,647,V,P,1.200176528534053,0.0252136537202272,0.0252136537202272,1.0,resistant,resistant,resistant
anidulafungin,FLVLSLRDW,1,647,W,P,0.2221425018559062,0.087271864463987,0.087271864463987,0.0,WT-like,WT-like,sensitive
anidulafungin,FLVLSLRDY,1,647,Y,P,1.1200000972048396,0.0217659759741544,0.0217659759741544,2.0,intermediary,intermediary,resistant
anidulafungin,FLVLSLREP,1,646,E,D,0.9936505520576062,0.0271233727163915,0.0271233727163915,2.0,intermediary,intermediary,resistant
anidulafungin,FLVLSLRFP,1,646,F,D,1.210478075037762,0.0400685216599352,0.040068521659935,1.0,resistant,resistant,resistant
anidulafungin,FLVLSLRGP,1,646,G,D,1.308869700481894,0.1050619943815249,0.1050619943815249,1.0,resistant,resistant,resistant
anidulafungin,FLVLSLRHP,1,646,H,D,1.2394188630349985,0.0409235880233422,0.0409235880233425,1.0,resistant,resistant,resistant
anidulafungin,FLVLSLRIP,1,646,I,D,1.2492236479752052,0.0406583721158793,0.0406583721158793,1.0,resistant,resistant,resistant
anidulafungin,FLVLSLRKP,1,646,K,D,0.653055344396575,0.0285331375353488,0.0285331375353486,2.0,intermediary,intermediary,resistant
anidulafungin,FLVLSLRLP,1,646,L,D,0.5818106339390363,0.0191526921585559,0.019152692158556,2.0,intermediary,intermediary,resistant
anidulafungin,FLVLSLRMP,1,646,M,D,1.0056625513661095,0.0195485608368612,0.0195485608368615,2.0,intermediary,intermediary,resistant
anidulafungin,FLVLSLRNP,1,646,N,D,0.9451199641433412,0.0226264605685089,0.0226264605685088,2.0,intermediary,intermediary,resistant
anidulafungin,FLVLSLRPP,1,646,P,D,1.2406047350851472,0.0068866582323852,0.0068866582323854,1.0,resistant,resistant,resistant
anidulafungin,FLVLSLRQP,1,646,Q,D,0.8159715186495435,0.0288283775749245,0.0288283775749245,2.0,intermediary,intermediary,resistant
anidulafungin,FLVLSLRRP,1,646,R,D,1.2626735358969343,0.0096542518417432,0.0096542518417432,1.0,resistant,resistant,resistant
anidulafungin,FLVLSLRSP,1,646,S,D,1.2703994718849292,0.0342557734268176,0.0342557734268174,1.0,resistant,resistant,resistant
anidulafungin,FLVLSLRTP,1,646,T,D,1.2772271861959257,0.0278967923220248,0.0278967923220248,1.0,resistant,resistant,resistant
anidulafungin,FLVLSLRVP,1,646,V,D,1.258310574566168,0.0240270123101669,0.0240270123101669,1.0,resistant,resistant,resistant
anidulafungin,FLVLSLRWP,1,646,W,D,1.085779497421223,0.0112576725641633,0.0112576725641635,2.0,intermediary,intermediary,resistant
anidulafungin,FLVLSLRYP,1,646,Y,D,1.2167914596570004,0.0288172634777728,0.0288172634777728,1.0,resistant,resistant,resistant
anidulafungin,FLVLSLSDP,1,645,S,R,0.62173229582595,0.0351556033010814,0.0351556033010814,2.0,intermediary,intermediary,resistant
anidulafungin,FLVLSLTDP,1,645,T,R,-0.1143455974426104,0.1298215526864325,0.1298215526864325,0.0,WT-like,WT-like,sensitive
anidulafungin,FLVLSLVDP,1,645,V,R,-0.0462114531517616,0.0424890229082444,0.0424890229082444,0.0,WT-like,WT-like,sensitive
anidulafungin,FLVLSLWDP,1,645,W,R,0.1510472727704053,0.0264442920464184,0.0264442920464184,0.0,WT-like,WT-like,sensitive
anidulafungin,FLVLSLYDP,1,645,Y,R,-0.2265966913246834,0.1060745990971607,0.1060745990971607,0.0,WT-like,WT-like,sensitive
anidulafungin,FLVLSMRDP,1,644,M,L,0.1908737369221866,0.2363467729084007,0.2363467729084007,0.0,WT-like,WT-like,sensitive
anidulafungin,FLVLSNRDP,1,644,N,L,-0.1673702386619548,0.1155033681788664,0.1155033681788664,0.0,WT-like,WT-like,sensitive
anidulafungin,FLVLSPRDP,1,644,P,L,-0.1868093360150881,0.0186149980437719,0.0186149980437719,0.0,WT-like,WT-like,sensitive
anidulafungin,FLVLSQRDP,1,644,Q,L,1.261556168266479,0.0577101959102941,0.0577101959102941,1.0,resistant,resistant,resistant
anidulafungin,FLVLSRRDP,1,644,R,L,1.245326800933086,0.0633717570524501,0.0633717570524499,1.0,resistant,resistant,resistant
anidulafungin,FLVLSSRDP,1,644,S,L,-0.172702142223096,0.006514140652284,0.006514140652284,0.0,WT-like,WT-like,sensitive
anidulafungin,FLVLSTRDP,1,644,T,L,-0.2576731083123295,0.1033504176184768,0.1033504176184768,0.0,WT-like,WT-like,sensitive
anidulafungin,FLVLSVRDP,1,644,V,L,-0.1883493377157251,0.0805342876149333,0.0805342876149333,0.0,WT-like,WT-like,sensitive
anidulafungin,FLVLSWRDP,1,644,W,L,1.1718578043698398,0.0731225693263712,0.0731225693263712,1.0,resistant,resistant,resistant
anidulafungin,FLVLSYRDP,1,644,Y,L,-0.5109725201757385,0.2654491078586791,0.2654491078586791,0.0,WT-like,WT-like,sensitive
anidulafungin,FLVLTLRDP,1,643,T,S,1.1488879818829227,0.0018537952054729,0.0018537952054726,2.0,intermediary,intermediary,resistant
anidulafungin,FLVLVLRDP,1,643,V,S,0.8339339383448559,0.0399391089553922,0.0399391089553921,2.0,intermediary,intermediary,resistant
anidulafungin,FLVLWLRDP,1,643,W,S,0.2874289918399633,0.1923123803588604,0.1923123803588604,0.0,WT-like,WT-like,sensitive
anidulafungin,FLVLYLRDP,1,643,Y,S,1.2175132399145498,0.0318940041357398,0.0318940041357396,1.0,resistant,resistant,resistant
anidulafungin,FLVMSLRDP,1,642,M,L,-0.326585291592679,0.1245225983323225,0.1245225983323225,0.0,WT-like,WT-like,sensitive
anidulafungin,FLVNSLRDP,1,642,N,L,-0.0104615656989516,0.0696896317385278,0.0696896317385278,0.0,WT-like,WT-like,sensitive
anidulafungin,FLVPSLRDP,1,642,P,L,-0.535380587267278,0.0607214659212616,0.0607214659212616,0.0,WT-like,WT-like,sensitive
anidulafungin,FLVQSLRDP,1,642,Q,L,0.0657214643248736,0.2371858998178056,0.2371858998178056,0.0,WT-like,WT-like,sensitive
anidulafungin,FLVRSLRDP,1,642,R,L,-0.2588523932982677,0.0267225154208056,0.0267225154208055,0.0,WT-like,WT-like,sensitive
anidulafungin,FLVSSLRDP,1,642,S,L,-0.1277139189290375,0.0626135330380788,0.0626135330380788,0.0,WT-like,WT-like,sensitive
anidulafungin,FLVTSLRDP,1,642,T,L,-0.2830513542695469,0.1806755086726577,0.1806755086726577,0.0,WT-like,WT-like,sensitive
anidulafungin,FLVVSLRDP,1,642,V,L,-0.1798388528065049,0.0525975409889978,0.0525975409889978,0.0,WT-like,WT-like,sensitive
anidulafungin,FLVWSLRDP,1,642,W,L,1.298218506785161,0.041944101024584,0.041944101024584,1.0,resistant,resistant,resistant
anidulafungin,FLVYSLRDP,1,642,Y,L,1.300742281819396,0.0057415371892086,0.0057415371892086,1.0,resistant,resistant,resistant
anidulafungin,FLYLSLRDP,1,641,Y,V,0.0640297254061768,0.0020843887948428,0.0020843887948428,0.0,WT-like,WT-like,sensitive
anidulafungin,FMVLSLRDP,1,640,M,L,0.0880289326287935,0.1043324887679633,0.1043324887679633,0.0,WT-like,WT-like,sensitive
anidulafungin,FNVLSLRDP,1,640,N,L,-0.132560074347749,0.0398637448681792,0.0398637448681791,0.0,WT-like,WT-like,sensitive
anidulafungin,FPVLSLRDP,1,640,P,L,-0.0659208074953236,0.1367911448302738,0.1367911448302738,0.0,WT-like,WT-like,sensitive
anidulafungin,FQVLSLRDP,1,640,Q,L,0.0047095674476314,0.0545663239529665,0.0545663239529665,0.0,WT-like,WT-like,sensitive
anidulafungin,FRVLSLRDP,1,640,R,L,1.0734654709603686,0.0469278283432259,0.0469278283432257,2.0,intermediary,intermediary,resistant
anidulafungin,FSVLSLRDP,1,640,S,L,1.0218048693542807,0.0324280452140556,0.0324280452140555,2.0,intermediary,intermediary,resistant
anidulafungin,FTVLSLRDP,1,640,T,L,0.5621169326948458,0.0113125961900081,0.0113125961900081,2.0,intermediary,intermediary,resistant
anidulafungin,FVVLSLRDP,1,640,V,L,-0.1535321300337401,0.0135274158183521,0.0135274158183521,0.0,WT-like,WT-like,sensitive
anidulafungin,FWVLSLRDP,1,640,W,L,-0.0904295161282346,0.1015079167196885,0.1015079167196885,0.0,WT-like,WT-like,sensitive
anidulafungin,FYVLSLRDP,1,640,Y,L,0.202871055163306,0.0594736192593411,0.059473619259341,0.0,WT-like,WT-like,sensitive
anidulafungin,GLVLSLRDP,1,639,G,F,1.3344235739273411,0.0564966520996792,0.0564966520996792,1.0,resistant,resistant,resistant
anidulafungin,HLVLSLRDP,1,639,H,F,1.1812866077018105,0.0444011103164407,0.044401110316441,1.0,resistant,resistant,resistant
anidulafungin,ILVLSLRDP,1,639,I,F,1.2779893441108,0.0382766693445921,0.0382766693445923,1.0,resistant,resistant,resistant
anidulafungin,KLVLSLRDP,1,639,K,F,1.2883458927019968,0.0332093625875167,0.0332093625875169,1.0,resistant,resistant,resistant
anidulafungin,LLVLSLRDP,1,639,L,F,-0.0128470092633627,0.0936908526492072,0.0936908526492071,0.0,WT-like,WT-like,sensitive
anidulafungin,MLVLSLRDP,1,639,M,F,-0.1273217147330186,0.096651082444809,0.0966510824448089,0.0,WT-like,WT-like,sensitive
anidulafungin,NLVLSLRDP,1,639,N,F,1.049308751846626,0.1453994348031946,0.1453994348031946,2.0,intermediary,intermediary,resistant
anidulafungin,PLVLSLRDP,1,639,P,F,1.2689547491412814,0.1046579670755611,0.1046579670755611,1.0,resistant,resistant,resistant
anidulafungin,QLVLSLRDP,1,639,Q,F,-0.4900926492795819,0.2319349017049001,0.2319349017049001,0.0,WT-like,WT-like,sensitive
anidulafungin,RLVLSLRDP,1,639,R,F,1.270555823267197,0.0537131173709446,0.0537131173709448,1.0,resistant,resistant,resistant
anidulafungin,SLVLSLRDP,1,639,S,F,1.290459385063052,0.0364727847926102,0.0364727847926102,1.0,resistant,resistant,resistant
anidulafungin,TLVLSLRDP,1,639,T,F,1.062160193688937,0.0146495805220945,0.0146495805220947,2.0,intermediary,intermediary,resistant
anidulafungin,VLVLSLRDP,1,639,V,F,1.2176944653360289,0.0186808214012186,0.0186808214012186,1.0,resistant,resistant,resistant
anidulafungin,WLVLSLRDP,1,639,W,F,1.0606857757614,0.0222740454254128,0.0222740454254128,2.0,intermediary,intermediary,resistant
anidulafungin,YLVLSLRDP,1,639,Y,F,1.2655600570061154,0.0442812839188413,0.0442812839188413,1.0,resistant,resistant,resistant
caspofungin,*LVLSLRDP,1,639,*,F,0.0845500998583129,0.0143396578740721,0.0143396578740721,2.0,WT-like,WT-like,sensitive
caspofungin,ALVLSLRDP,1,639,A,F,1.1611955016133697,0.0090012808078461,0.0090012808078461,1.0,resistant,resistant,resistant
caspofungin,DLVLSLRDP,1,639,D,F,1.1892723632855515,0.0172205195771137,0.0172205195771137,1.0,resistant,resistant,resistant
caspofungin,ELVLSLRDP,1,639,E,F,1.2058691439374365,0.0039602278081458,0.0039602278081456,1.0,resistant,resistant,resistant
caspofungin,F*VLSLRDP,1,640,*,L,-0.0080769995646148,0.1579903893689222,0.1579903893689222,2.0,WT-like,WT-like,sensitive
caspofungin,FAVLSLRDP,1,640,A,L,0.2356976381440697,0.0434342286044258,0.0434342286044258,2.0,WT-like,WT-like,sensitive
caspofungin,FCVLSLRDP,1,640,C,L,-0.0258923119168524,0.1708089834662473,0.1708089834662473,2.0,WT-like,WT-like,sensitive
caspofungin,FEVLSLRDP,1,640,E,L,-0.2466858513474797,0.0543536849813928,0.0543536849813927,2.0,WT-like,WT-like,sensitive
caspofungin,FFVLSLRDP,1,640,F,L,-0.0944301996637592,0.0575701287687437,0.0575701287687437,2.0,WT-like,WT-like,sensitive
caspofungin,FGVLSLRDP,1,640,G,L,0.0782401570623423,0.0789224097556991,0.0789224097556991,2.0,WT-like,WT-like,sensitive
caspofungin,FHVLSLRDP,1,640,H,L,0.3445231419746841,0.0521772191382258,0.0521772191382258,2.0,WT-like,WT-like,sensitive
caspofungin,FIVLSLRDP,1,640,I,L,-0.0113714407338368,0.0418327961222085,0.0418327961222085,2.0,WT-like,WT-like,sensitive
caspofungin,FKVLSLRDP,1,640,K,L,-0.09097672471227,0.1041192361573941,0.1041192361573941,2.0,WT-like,WT-like,sensitive
caspofungin,FL*LSLRDP,1,641,*,V,-0.018824053296566,0.0052501206163141,0.0052501206163141,2.0,WT-like,WT-like,sensitive
caspofungin,FLALSLRDP,1,641,A,V,-0.0891504192766441,0.1579811504716862,0.1579811504716862,2.0,WT-like,WT-like,sensitive
caspofungin,FLCLSLRDP,1,641,C,V,-0.3762991299193289,0.303850434799471,0.303850434799471,2.0,WT-like,WT-like,sensitive
caspofungin,FLELSLRDP,1,641,E,V,-0.1214135414518855,0.061387087276658,0.061387087276658,2.0,WT-like,WT-like,sensitive
caspofungin,FLFLSLRDP,1,641,F,V,-0.0879197313918415,0.0598804044693785,0.0598804044693785,2.0,WT-like,WT-like,sensitive
caspofungin,FLGLSLRDP,1,641,G,V,-0.0459819917968569,0.0937623739275622,0.0937623739275622,2.0,WT-like,WT-like,sensitive
caspofungin,FLHLSLRDP,1,641,H,V,1.1001558904492,0.0235289251196444,0.0235289251196442,1.0,resistant,resistant,resistant
caspofungin,FLILSLRDP,1,641,I,V,-0.0907745195683406,0.0468855312418453,0.0468855312418453,2.0,WT-like,WT-like,sensitive
caspofungin,FLKLSLRDP,1,641,K,V,1.0858099219297557,0.0050021043196126,0.0050021043196126,1.0,resistant,resistant,resistant
caspofungin,FLLLSLRDP,1,641,L,V,-0.2428722753928718,0.0582559387272642,0.0582559387272642,2.0,WT-like,WT-like,sensitive
caspofungin,FLMLSLRDP,1,641,M,V,-0.1504073554212174,0.0265206280969773,0.0265206280969773,2.0,WT-like,WT-like,sensitive
caspofungin,FLPLSLRDP,1,641,P,V,1.0813117827140937,0.020451202286907,0.020451202286907,1.0,resistant,resistant,resistant
caspofungin,FLQLSLRDP,1,641,Q,V,0.0732959125543551,0.0647669533912082,0.0647669533912082,2.0,WT-like,WT-like,sensitive
caspofungin,FLRLSLRDP,1,641,R,V,1.086347444539708,0.0004124348528664,0.0004124348528664,1.0,resistant,resistant,resistant
caspofungin,FLSLSLRDP,1,641,S,V,0.1817081834958229,0.1213066228969275,0.1213066228969275,2.0,WT-like,WT-like,sensitive
caspofungin,FLTLSLRDP,1,641,T,V,0.1435394880963217,0.0882066785390125,0.0882066785390125,2.0,WT-like,WT-like,sensitive
caspofungin,FLV*SLRDP,1,642,*,L,0.1869409454831593,0.0286926506413997,0.0286926506413997,2.0,WT-like,WT-like,sensitive
caspofungin,FLVASLRDP,1,642,A,L,-0.1785132746424865,0.0596899311763678,0.0596899311763678,2.0,WT-like,WT-like,sensitive
caspofungin,FLVCSLRDP,1,642,C,L,0.2879291569151072,0.1441289036576613,0.1441289036576613,2.0,WT-like,WT-like,sensitive
caspofungin,FLVDSLRDP,1,642,D,L,-0.1914325191173622,0.1020209065226579,0.1020209065226579,2.0,WT-like,WT-like,sensitive
caspofungin,FLVESLRDP,1,642,E,L,-0.1791559658202396,0.0143764910473883,0.0143764910473883,2.0,WT-like,WT-like,sensitive
caspofungin,FLVFSLRDP,1,642,F,L,1.2330833905974303,0.0400233141430499,0.0400233141430499,1.0,resistant,resistant,resistant
caspofungin,FLVHSLRDP,1,642,H,L,1.2728478320854664,0.0004917988345671,0.0004917988345674,1.0,resistant,resistant,resistant
caspofungin,FLVISLRDP,1,642,I,L,-0.0405091580849866,0.0783534519470557,0.0783534519470557,2.0,WT-like,WT-like,sensitive
caspofungin,FLVL*LRDP,1,643,*,S,0.6319710315974907,0.0088094452280501,0.0088094452280501,0.0,intermediary,intermediary,resistant
caspofungin,FLVLALRDP,1,643,A,S,-0.0353574190047746,0.0675869364150022,0.0675869364150022,2.0,WT-like,WT-like,sensitive
caspofungin,FLVLCLRDP,1,643,C,S,0.9035750054269353,0.0208779773278781,0.0208779773278779,0.0,intermediary,intermediary,resistant
caspofungin,FLVLDLRDP,1,643,D,S,1.1497092155526378,0.0293602406090818,0.0293602406090818,1.0,resistant,resistant,resistant
caspofungin,FLVLELRDP,1,643,E,S,1.229459238227161,0.0278754719532126,0.0278754719532128,1.0,resistant,resistant,resistant
caspofungin,FLVLFLRDP,1,643,F,S,1.231088716474476,0.0283352206010034,0.0283352206010032,1.0,resistant,resistant,resistant
caspofungin,FLVLGLRDP,1,643,G,S,0.0235337662859888,0.0011965743387846,0.0011965743387846,2.0,WT-like,WT-like,sensitive
caspofungin,FLVLHLRDP,1,643,H,S,1.2695406156426143,0.0468271497611678,0.0468271497611676,1.0,resistant,resistant,resistant
caspofungin,FLVLILRDP,1,643,I,S,1.1595708921782863,0.0293468847378139,0.0293468847378139,1.0,resistant,resistant,resistant
caspofungin,FLVLKLRDP,1,643,K,S,1.2077073644391685,0.0070859387780994,0.0070859387780992,1.0,resistant,resistant,resistant
caspofungin,FLVLLLRDP,1,643,L,S,0.9001741170305442,0.0364424653090647,0.0364424653090645,0.0,intermediary,intermediary,resistant
caspofungin,FLVLMLRDP,1,643,M,S,0.919168246343723,0.0381752950156603,0.0381752950156603,0.0,intermediary,intermediary,resistant
caspofungin,FLVLNLRDP,1,643,N,S,1.2737554888850862,0.0002142588034717,0.0002142588034714,1.0,resistant,resistant,resistant
caspofungin,FLVLPLRDP,1,643,P,S,1.2465618785521326,0.0335038447716145,0.0335038447716142,1.0,resistant,resistant,resistant
caspofungin,FLVLQLRDP,1,643,Q,S,1.2372482436082557,0.0166958954290787,0.016695895429079,1.0,resistant,resistant,resistant
caspofungin,FLVLRLRDP,1,643,R,S,1.2578587677197293,0.007006634046706,0.0070066340467058,1.0,resistant,resistant,resistant
caspofungin,FLVLS*RDP,1,644,*,L,0.1660616708592195,0.0770082554131184,0.0770082554131184,2.0,WT-like,WT-like,sensitive
caspofungin,FLVLSARDP,1,644,A,L,-0.1915321322444194,0.0160145450301351,0.0160145450301351,2.0,WT-like,WT-like,sensitive
caspofungin,FLVLSCRDP,1,644,C,L,-0.0551608743923274,0.0646521985800845,0.0646521985800845,2.0,WT-like,WT-like,sensitive
caspofungin,FLVLSDRDP,1,644,D,L,0.02747505104506,0.0053577384566012,0.0053577384566012,2.0,WT-like,WT-like,sensitive
caspofungin,FLVLSERDP,1,644,E,L,0.9886992991592324,0.0167433263070231,0.0167433263070231,0.0,intermediary,intermediary,resistant
caspofungin,FLVLSFRDP,1,644,F,L,-0.0567738805279505,0.0613685645716612,0.0613685645716612,2.0,WT-like,WT-like,sensitive
caspofungin,FLVLSGRDP,1,644,G,L,-0.4164544303890851,0.1685918463174929,0.1685918463174929,2.0,WT-like,WT-like,sensitive
caspofungin,FLVLSHRDP,1,644,H,L,1.2541768562001585,0.0181516213239916,0.0181516213239916,1.0,resistant,resistant,resistant
caspofungin,FLVLSIRDP,1,644,I,L,-0.4205576752007809,0.1496156373376923,0.1496156373376923,2.0,WT-like,WT-like,sensitive
caspofungin,FLVLSKRDP,1,644,K,L,0.9210999349007412,0.0085108666140407,0.0085108666140408,0.0,intermediary,intermediary,resistant
caspofungin,FLVLSL*DP,1,645,*,R,0.1404847034866134,0.0188416337846952,0.0188416337846952,2.0,WT-like,WT-like,sensitive
caspofungin,FLVLSLADP,1,645,A,R,0.6911101257945464,0.0334970213089401,0.0334970213089401,0.0,intermediary,intermediary,resistant
caspofungin,FLVLSLCDP,1,645,C,R,0.0727333907550237,0.1224634900903391,0.1224634900903391,2.0,WT-like,WT-like,sensitive
caspofungin,FLVLSLDDP,1,645,D,R,0.0434905991199817,0.0598072816510523,0.0598072816510523,2.0,WT-like,WT-like,sensitive
caspofungin,FLVLSLEDP,1,645,E,R,-0.2752326498193879,0.0499087820259389,0.0499087820259389,2.0,WT-like,WT-like,sensitive
caspofungin,FLVLSLFDP,1,645,F,R,-0.2602434587073673,0.1368856930982818,0.1368856930982817,2.0,WT-like,WT-like,sensitive
caspofungin,FLVLSLGDP,1,645,G,R,1.2258223471273308,0.0046425137268024,0.0046425137268024,1.0,resistant,resistant,resistant
caspofungin,FLVLSLIDP,1,645,I,R,-0.048052349136135,0.0301530735409203,0.0301530735409203,2.0,WT-like,WT-like,sensitive
caspofungin,FLVLSLKDP,1,645,K,R,-0.0299476388792113,0.079376420174398,0.079376420174398,2.0,WT-like,WT-like,sensitive
caspofungin,FLVLSLLDP,1,645,L,R,-0.2825772995770809,0.1030105001351381,0.1030105001351381,2.0,WT-like,WT-like,sensitive
caspofungin,FLVLSLMDP,1,645,M,R,-0.0067929827735371,0.0374045656002074,0.0374045656002074,2.0,WT-like,WT-like,sensitive
caspofungin,FLVLSLNDP,1,645,N,R,0.1549007515238641,0.052976465184124,0.052976465184124,2.0,WT-like,WT-like,sensitive
caspofungin,FLVLSLPDP,1,645,P,R,0.9456181617877376,0.0232985476921417,0.0232985476921416,0.0,intermediary,intermediary,resistant
caspofungin,FLVLSLQDP,1,645,Q,R,-0.0675254822672575,0.0435841375034248,0.0435841375034248,2.0,WT-like,WT-like,sensitive
caspofungin,FLVLSLR*P,1,646,*,D,0.3936568710285957,0.0062230187552633,0.0062230187552633,2.0,WT-like,intermediary,resistant
caspofungin,FLVLSLRAP,1,646,A,D,1.2446508861958103,0.0001736890382275,0.0001736890382273,1.0,resistant,resistant,resistant
caspofungin,FLVLSLRCP,1,646,C,D,1.2526553433484335,0.0166145844973724,0.0166145844973724,1.0,resistant,resistant,resistant
caspofungin,FLVLSLRD*,1,647,*,P,0.246072858643677,0.0039074705147864,0.0039074705147864,2.0,WT-like,WT-like,sensitive
caspofungin,FLVLSLRDA,1,647,A,P,1.1774428306647031,0.0342839213128214,0.0342839213128214,1.0,resistant,resistant,resistant
caspofungin,FLVLSLRDD,1,647,D,P,1.247480119693935,0.023718481175929,0.023718481175929,1.0,resistant,resistant,resistant
caspofungin,FLVLSLRDE,1,647,E,P,1.2111116073273245,0.0263102849111334,0.0263102849111336,1.0,resistant,resistant,resistant
caspofungin,FLVLSLRDF,1,647,F,P,1.2054212259537995,0.0239599160312029,0.0239599160312027,1.0,resistant,resistant,resistant
caspofungin,FLVLSLRDG,1,647,G,P,1.0901823221231135,0.0079366546553156,0.0079366546553154,1.0,resistant,resistant,resistant
caspofungin,FLVLSLRDH,1,647,H,P,1.223655811971079,0.029056753600829,0.029056753600829,1.0,resistant,resistant,resistant
caspofungin,FLVLSLRDI,1,647,I,P,1.2048426431543529,0.0351326772812774,0.0351326772812774,1.0,resistant,resistant,resistant
caspofungin,FLVLSLRDK,1,647,K,P,1.1519523556640408,0.0033912889310954,0.0033912889310954,1.0,resistant,resistant,resistant
caspofungin,FLVLSLRDL,1,647,L,P,1.176348927178171,0.0166530152485602,0.0166530152485602,1.0,resistant,resistant,resistant
caspofungin,FLVLSLRDM,1,647,M,P,1.2303336826849556,0.0122577333662314,0.0122577333662312,1.0,resistant,resistant,resistant
caspofungin,FLVLSLRDP,0,not-applicable,not-applicable,not-applicable,-0.0878171076116619,0.0095093552364907,0.0095093552364907,2.0,WT-like,WT-like,sensitive
caspofungin,FLVLSLRDR,1,647,R,P,1.1129544859586522,0.0044861740669484,0.0044861740669486,1.0,resistant,resistant,resistant
caspofungin,FLVLSLRDS,1,647,S,P,1.031099569604657,0.0207948581979762,0.0207948581979759,0.0,intermediary,intermediary,resistant
caspofungin,FLVLSLRDT,1,647,T,P,1.1939338517772904,0.0583228852180901,0.0583228852180901,1.0,resistant,resistant,resistant
caspofungin,FLVLSLRDV,1,647,V,P,1.178747988690652,0.0269771105777887,0.0269771105777887,1.0,resistant,resistant,resistant
caspofungin,FLVLSLRDW,1,647,W,P,0.0002944755029975,0.0093334830626162,0.0093334830626162,2.0,WT-like,WT-like,sensitive
caspofungin,FLVLSLRDY,1,647,Y,P,1.1178550036355124,0.0285852448582497,0.0285852448582497,1.0,resistant,resistant,resistant
caspofungin,FLVLSLREP,1,646,E,D,1.0841475562798375,0.0454197848390427,0.0454197848390425,1.0,resistant,resistant,resistant
caspofungin,FLVLSLRFP,1,646,F,D,1.2132316067784394,0.0150622626828595,0.0150622626828595,1.0,resistant,resistant,resistant
caspofungin,FLVLSLRGP,1,646,G,D,1.1681131096024795,0.01562740482363,0.01562740482363,1.0,resistant,resistant,resistant
caspofungin,FLVLSLRHP,1,646,H,D,1.245947176903956,0.0020656254083482,0.0020656254083479,1.0,resistant,resistant,resistant
caspofungin,FLVLSLRIP,1,646,I,D,1.2480152624878442,0.0168298679859797,0.0168298679859797,1.0,resistant,resistant,resistant
caspofungin,FLVLSLRKP,1,646,K,D,1.1735704160832334,0.0269357859072982,0.0269357859072985,1.0,resistant,resistant,resistant
caspofungin,FLVLSLRLP,1,646,L,D,0.8456543446338791,0.0369780943848028,0.0369780943848029,0.0,intermediary,intermediary,resistant
caspofungin,FLVLSLRMP,1,646,M,D,1.1892013669410093,0.0321545269142955,0.0321545269142953,1.0,resistant,resistant,resistant
caspofungin,FLVLSLRNP,1,646,N,D,0.6555522143050594,0.0314661152243298,0.0314661152243299,0.0,intermediary,intermediary,resistant
caspofungin,FLVLSLRPP,1,646,P,D,1.2406251754847517,0.0140544136952738,0.014054413695274,1.0,resistant,resistant,resistant
caspofungin,FLVLSLRQP,1,646,Q,D,1.1164244209788037,0.0381571806987857,0.0381571806987857,1.0,resistant,resistant,resistant
caspofungin,FLVLSLRRP,1,646,R,D,1.2640884702344162,0.0315516941467584,0.0315516941467584,1.0,resistant,resistant,resistant
caspofungin,FLVLSLRSP,1,646,S,D,1.2586285465141036,0.0259616126415411,0.0259616126415409,1.0,resistant,resistant,resistant
caspofungin,FLVLSLRTP,1,646,T,D,1.2612135112636491,0.0224416229735451,0.0224416229735453,1.0,resistant,resistant,resistant
caspofungin,FLVLSLRVP,1,646,V,D,1.2487008733035228,0.031706163654761,0.0317061636547608,1.0,resistant,resistant,resistant
caspofungin,FLVLSLRWP,1,646,W,D,1.1992607256810357,0.0379842470020002,0.0379842470020002,1.0,resistant,resistant,resistant
caspofungin,FLVLSLRYP,1,646,Y,D,1.218182372998395,0.0289216648218877,0.0289216648218879,1.0,resistant,resistant,resistant
caspofungin,FLVLSLSDP,1,645,S,R,0.6352410799105217,0.029065690137498,0.029065690137498,0.0,intermediary,intermediary,resistant
caspofungin,FLVLSLTDP,1,645,T,R,0.1201629804765063,0.0419134658452884,0.0419134658452884,2.0,WT-like,WT-like,sensitive
caspofungin,FLVLSLVDP,1,645,V,R,-0.0253796384053994,0.1288925382798776,0.1288925382798776,2.0,WT-like,WT-like,sensitive
caspofungin,FLVLSLWDP,1,645,W,R,0.0738252498404386,0.167618012005882,0.167618012005882,2.0,WT-like,WT-like,sensitive
caspofungin,FLVLSLYDP,1,645,Y,R,-0.0951089620406204,0.0155832671546555,0.0155832671546555,2.0,WT-like,WT-like,sensitive
caspofungin,FLVLSMRDP,1,644,M,L,0.1640085826211223,0.0724220638265016,0.0724220638265016,2.0,WT-like,WT-like,sensitive
caspofungin,FLVLSNRDP,1,644,N,L,-0.2903646113308079,0.0304980002858871,0.0304980002858871,2.0,WT-like,WT-like,sensitive
caspofungin,FLVLSPRDP,1,644,P,L,-0.0394025031716352,0.0348044466904499,0.0348044466904499,2.0,WT-like,WT-like,sensitive
caspofungin,FLVLSQRDP,1,644,Q,L,1.2441263129674396,0.0019112246031682,0.0019112246031682,1.0,resistant,resistant,resistant
caspofungin,FLVLSRRDP,1,644,R,L,1.233784495031359,0.0129926653635716,0.0129926653635714,1.0,resistant,resistant,resistant
caspofungin,FLVLSSRDP,1,644,S,L,-0.0286475111725098,0.0056196757741227,0.0056196757741227,2.0,WT-like,WT-like,sensitive
caspofungin,FLVLSTRDP,1,644,T,L,-0.0831512669368149,8.436392368642298e-05,8.436392368642298e-05,2.0,WT-like,WT-like,sensitive
caspofungin,FLVLSVRDP,1,644,V,L,-0.1076434490862055,0.0363944613236945,0.0363944613236945,2.0,WT-like,WT-like,sensitive
caspofungin,FLVLSWRDP,1,644,W,L,1.084520994312394,0.0221356067555529,0.0221356067555531,1.0,resistant,resistant,resistant
caspofungin,FLVLSYRDP,1,644,Y,L,-0.3482473444287658,0.141297038193265,0.141297038193265,2.0,WT-like,WT-like,sensitive
caspofungin,FLVLTLRDP,1,643,T,S,1.1946793922626802,0.0499134427834224,0.0499134427834224,1.0,resistant,resistant,resistant
caspofungin,FLVLVLRDP,1,643,V,S,0.5816459724291954,0.0085234473379357,0.0085234473379358,0.0,intermediary,intermediary,resistant
caspofungin,FLVLWLRDP,1,643,W,S,0.6772827728673876,0.0931806832339928,0.0931806832339929,0.0,intermediary,intermediary,resistant
caspofungin,FLVLYLRDP,1,643,Y,S,1.1791375410742055,0.0313618107179616,0.0313618107179616,1.0,resistant,resistant,resistant
caspofungin,FLVMSLRDP,1,642,M,L,-0.0493692499020569,0.0308952793494258,0.0308952793494258,2.0,WT-like,WT-like,sensitive
caspofungin,FLVNSLRDP,1,642,N,L,0.0738871105375479,0.0703518091455501,0.0703518091455501,2.0,WT-like,WT-like,sensitive
caspofungin,FLVPSLRDP,1,642,P,L,-0.1596785771515724,0.2869034045281587,0.2869034045281587,2.0,WT-like,WT-like,sensitive
caspofungin,FLVQSLRDP,1,642,Q,L,-0.1617981181540995,0.1647855246172845,0.1647855246172845,2.0,WT-like,WT-like,sensitive
caspofungin,FLVRSLRDP,1,642,R,L,1.0913642234154874,0.0258165764312647,0.0258165764312645,1.0,resistant,resistant,resistant
caspofungin,FLVSSLRDP,1,642,S,L,0.0769658720122908,0.0223012632169689,0.0223012632169689,2.0,WT-like,WT-like,sensitive
caspofungin,FLVTSLRDP,1,642,T,L,-0.0816604051540861,0.046246891028941,0.046246891028941,2.0,WT-like,WT-like,sensitive
caspofungin,FLVVSLRDP,1,642,V,L,-0.0474829339759099,0.0171915840013265,0.0171915840013265,2.0,WT-like,WT-like,sensitive
caspofungin,FLVWSLRDP,1,642,W,L,1.2679359880821868,0.0126339266097585,0.0126339266097583,1.0,resistant,resistant,resistant
caspofungin,FLVYSLRDP,1,642,Y,L,1.2576710764766383,0.0095973110993317,0.0095973110993317,1.0,resistant,resistant,resistant
caspofungin,FLYLSLRDP,1,641,Y,V,0.2783331075152425,0.0581168193172576,0.0581168193172576,2.0,WT-like,WT-like,sensitive
caspofungin,FMVLSLRDP,1,640,M,L,0.026847695862097,0.0492143953375523,0.0492143953375523,2.0,WT-like,WT-like,sensitive
caspofungin,FNVLSLRDP,1,640,N,L,-0.0872503116335025,0.0179684595848491,0.0179684595848491,2.0,WT-like,WT-like,sensitive
caspofungin,FPVLSLRDP,1,640,P,L,0.1851842894705812,0.0525554784630774,0.0525554784630774,2.0,WT-like,WT-like,sensitive
caspofungin,FQVLSLRDP,1,640,Q,L,-0.0756981879699847,0.0024895394056155,0.0024895394056155,2.0,WT-like,WT-like,sensitive
caspofungin,FRVLSLRDP,1,640,R,L,0.9472643655135612,0.0086821313725199,0.0086821313725199,0.0,intermediary,intermediary,resistant
caspofungin,FSVLSLRDP,1,640,S,L,0.5812711520572833,0.0019696434644381,0.0019696434644381,0.0,intermediary,intermediary,resistant
caspofungin,FTVLSLRDP,1,640,T,L,0.939032014808148,0.0102783604651439,0.0102783604651438,0.0,intermediary,intermediary,resistant
caspofungin,FVVLSLRDP,1,640,V,L,-0.0477421498161021,0.0593831570102213,0.0593831570102213,2.0,WT-like,WT-like,sensitive
caspofungin,FWVLSLRDP,1,640,W,L,0.0139376677090657,0.090606112409745,0.090606112409745,2.0,WT-like,WT-like,sensitive
caspofungin,FYVLSLRDP,1,640,Y,L,-0.0120460128173484,0.0132042472069073,0.0132042472069073,2.0,WT-like,WT-like,sensitive
caspofungin,GLVLSLRDP,1,639,G,F,1.3060478716232289,0.0137014302403197,0.0137014302403197,1.0,resistant,resistant,resistant
caspofungin,HLVLSLRDP,1,639,H,F,1.269357491242367,0.009184708025165,0.0091847080251648,1.0,resistant,resistant,resistant
caspofungin,ILVLSLRDP,1,639,I,F,1.238608818114105,0.0338802042884642,0.0338802042884642,1.0,resistant,resistant,resistant
caspofungin,KLVLSLRDP,1,639,K,F,1.271175836912544,0.0072961696770545,0.0072961696770545,1.0,resistant,resistant,resistant
caspofungin,LLVLSLRDP,1,639,L,F,1.0743160630711432,0.0189161690077164,0.0189161690077164,1.0,resistant,resistant,resistant
caspofungin,MLVLSLRDP,1,639,M,F,0.0077901320917501,0.0426788562333855,0.0426788562333855,2.0,WT-like,WT-like,sensitive
caspofungin,NLVLSLRDP,1,639,N,F,0.8361782377128254,0.1180861531961436,0.1180861531961436,0.0,intermediary,intermediary,resistant
caspofungin,PLVLSLRDP,1,639,P,F,1.230837783554024,0.0360275258107378,0.0360275258107378,1.0,resistant,resistant,resistant
caspofungin,QLVLSLRDP,1,639,Q,F,1.2767312831743756,0.0341903255536955,0.0341903255536955,1.0,resistant,resistant,resistant
caspofungin,RLVLSLRDP,1,639,R,F,1.2630858833087877,0.007856337785139,0.007856337785139,1.0,resistant,resistant,resistant
caspofungin,SLVLSLRDP,1,639,S,F,1.261154362805606,0.0125149466437985,0.0125149466437983,1.0,resistant,resistant,resistant
caspofungin,TLVLSLRDP,1,639,T,F,1.0868981282454382,0.097500911522891,0.097500911522891,1.0,resistant,resistant,resistant
caspofungin,VLVLSLRDP,1,639,V,F,1.2128223042470074,0.0340370958058211,0.0340370958058211,1.0,resistant,resistant,resistant
caspofungin,WLVLSLRDP,1,639,W,F,0.8910073390844149,0.0438654392157995,0.0438654392157996,0.0,intermediary,intermediary,resistant
caspofungin,YLVLSLRDP,1,639,Y,F,1.226461546718576,0.0272193065936612,0.0272193065936612,1.0,resistant,resistant,resistant
micafungin,*LVLSLRDP,1,639,*,F,0.286203408592926,0.1996810640823038,0.1996810640823038,0.0,WT-like,WT-like,sensitive
micafungin,ALVLSLRDP,1,639,A,F,1.2755849964134742,0.1053849494432555,0.1053849494432557,2.0,intermediary,intermediary,resistant
micafungin,DLVLSLRDP,1,639,D,F,1.0725124361271758,0.0678545739913043,0.0678545739913043,2.0,intermediary,intermediary,resistant
micafungin,ELVLSLRDP,1,639,E,F,0.6901968946144391,0.035608146842027,0.035608146842027,2.0,intermediary,intermediary,resistant
micafungin,F*VLSLRDP,1,640,*,L,0.331336417433783,0.061852464887213,0.061852464887213,0.0,WT-like,WT-like,sensitive
micafungin,FAVLSLRDP,1,640,A,L,-0.1054639469895926,0.1293171696454994,0.1293171696454994,0.0,WT-like,WT-like,sensitive
micafungin,FCVLSLRDP,1,640,C,L,-0.0479763185435297,0.0481548003056876,0.0481548003056876,0.0,WT-like,WT-like,sensitive
micafungin,FEVLSLRDP,1,640,E,L,0.0083889373434942,0.1280625203420039,0.1280625203420039,0.0,WT-like,WT-like,sensitive
micafungin,FFVLSLRDP,1,640,F,L,-0.1201767846942908,0.0215376126018446,0.0215376126018446,0.0,WT-like,WT-like,sensitive
micafungin,FGVLSLRDP,1,640,G,L,0.50606111115572,0.1172302382887567,0.1172302382887567,2.0,intermediary,intermediary,resistant
micafungin,FHVLSLRDP,1,640,H,L,0.0817080201361723,0.0876088242820197,0.0876088242820197,0.0,WT-like,WT-like,sensitive
micafungin,FIVLSLRDP,1,640,I,L,-0.1099486485683288,0.0879821003564808,0.0879821003564808,0.0,WT-like,WT-like,sensitive
micafungin,FKVLSLRDP,1,640,K,L,-0.0748207585011081,0.1257539963695271,0.1257539963695271,0.0,WT-like,WT-like,sensitive
micafungin,FL*LSLRDP,1,641,*,V,0.1291025935628448,0.0707880734838391,0.0707880734838391,0.0,WT-like,WT-like,sensitive
micafungin,FLALSLRDP,1,641,A,V,-0.3837293049423674,0.1195826253725085,0.1195826253725085,0.0,WT-like,WT-like,sensitive
micafungin,FLCLSLRDP,1,641,C,V,-0.0320004062906478,0.0800930068826319,0.0800930068826319,0.0,WT-like,WT-like,sensitive
micafungin,FLELSLRDP,1,641,E,V,-0.1152099505159562,0.0185246857566773,0.0185246857566773,0.0,WT-like,WT-like,sensitive
micafungin,FLFLSLRDP,1,641,F,V,-0.0940222893213502,0.0398017424182861,0.0398017424182861,0.0,WT-like,WT-like,sensitive
micafungin,FLGLSLRDP,1,641,G,V,-0.197311008723924,0.1937625023833394,0.1937625023833394,0.0,WT-like,WT-like,sensitive
micafungin,FLHLSLRDP,1,641,H,V,0.9820489186581152,0.0611160589006354,0.0611160589006354,2.0,intermediary,intermediary,resistant
micafungin,FLILSLRDP,1,641,I,V,-0.1673367548657794,0.0677461836611345,0.0677461836611345,0.0,WT-like,WT-like,sensitive
micafungin,FLKLSLRDP,1,641,K,V,1.28034379034474,0.0772005100912502,0.0772005100912505,2.0,intermediary,intermediary,resistant
micafungin,FLLLSLRDP,1,641,L,V,-0.0123331900364868,0.0165640240565997,0.0165640240565997,0.0,WT-like,WT-like,sensitive
micafungin,FLMLSLRDP,1,641,M,V,-0.1149707779680313,0.1188019864301813,0.1188019864301813,0.0,WT-like,WT-like,sensitive
micafungin,FLPLSLRDP,1,641,P,V,-0.1660822501102501,0.0576489565229047,0.0576489565229047,0.0,WT-like,WT-like,sensitive
micafungin,FLQLSLRDP,1,641,Q,V,-0.232733046261875,0.1264709150454611,0.1264709150454611,0.0,WT-like,WT-like,sensitive
micafungin,FLRLSLRDP,1,641,R,V,1.3202422723472615,0.04339709633002,0.0433970963300203,2.0,intermediary,intermediary,resistant
micafungin,FLSLSLRDP,1,641,S,V,0.2659144975470027,0.0378017879975486,0.0378017879975486,0.0,WT-like,WT-like,sensitive
micafungin,FLTLSLRDP,1,641,T,V,-0.1754694007183589,0.0257487859703193,0.0257487859703193,0.0,WT-like,WT-like,sensitive
micafungin,FLV*SLRDP,1,642,*,L,-0.3491093426773294,0.1558816026753249,0.1558816026753249,0.0,WT-like,WT-like,sensitive
micafungin,FLVASLRDP,1,642,A,L,-0.2805648102664264,0.4447042829957965,0.4447042829957965,0.0,WT-like,WT-like,sensitive
micafungin,FLVCSLRDP,1,642,C,L,0.42693683008409,0.0334805760768842,0.0334805760768842,2.0,intermediary,intermediary,resistant
micafungin,FLVDSLRDP,1,642,D,L,-0.211164612538997,0.1039573874615165,0.1039573874615164,0.0,WT-like,WT-like,sensitive
micafungin,FLVESLRDP,1,642,E,L,-0.1053243994904912,0.1539702408199,0.1539702408199,0.0,WT-like,WT-like,sensitive
micafungin,FLVFSLRDP,1,642,F,L,1.4397306255147446,0.0457606976506621,0.0457606976506621,1.0,resistant,resistant,resistant
micafungin,FLVHSLRDP,1,642,H,L,1.4546448550500133,0.0526710321949961,0.0526710321949961,1.0,resistant,resistant,resistant
micafungin,FLVISLRDP,1,642,I,L,-0.2011225123145671,0.0766454860634293,0.0766454860634292,0.0,WT-like,WT-like,sensitive
micafungin,FLVL*LRDP,1,643,*,S,0.6291934006533367,0.0265681153171613,0.0265681153171613,2.0,intermediary,intermediary,resistant
micafungin,FLVLALRDP,1,643,A,S,-0.065698356991711,0.1527200755329949,0.1527200755329949,0.0,WT-like,WT-like,sensitive
micafungin,FLVLCLRDP,1,643,C,S,0.6784807925490179,0.001975150072712,0.001975150072712,2.0,intermediary,intermediary,resistant
micafungin,FLVLDLRDP,1,643,D,S,0.9254784925634696,0.0177405803712097,0.0177405803712098,2.0,intermediary,intermediary,resistant
micafungin,FLVLELRDP,1,643,E,S,1.1727213309088844,0.048232216816032,0.048232216816032,2.0,intermediary,intermediary,resistant
micafungin,FLVLFLRDP,1,643,F,S,1.304824103821753,0.0554896433919362,0.055489643391936,2.0,intermediary,intermediary,resistant
micafungin,FLVLGLRDP,1,643,G,S,-0.2237460322410619,0.0853117840150785,0.0853117840150785,0.0,WT-like,WT-like,sensitive
micafungin,FLVLHLRDP,1,643,H,S,1.4208651126662426,0.0357556002356092,0.0357556002356092,1.0,resistant,resistant,resistant
micafungin,FLVLILRDP,1,643,I,S,1.257012499932284,0.0401883427173381,0.0401883427173381,2.0,intermediary,intermediary,resistant
micafungin,FLVLKLRDP,1,643,K,S,1.3884710447601107,0.0556650954725048,0.055665095472505,1.0,resistant,resistant,resistant
micafungin,FLVLLLRDP,1,643,L,S,0.716976236580275,0.0453606796375968,0.0453606796375967,2.0,intermediary,intermediary,resistant
micafungin,FLVLMLRDP,1,643,M,S,1.0460246129424102,0.0272395252295893,0.0272395252295891,2.0,intermediary,intermediary,resistant
micafungin,FLVLNLRDP,1,643,N,S,1.410299779821342,0.0783930473080709,0.0783930473080709,1.0,resistant,resistant,resistant
micafungin,FLVLPLRDP,1,643,P,S,1.4142175820756822,0.0398741394195316,0.0398741394195318,1.0,resistant,resistant,resistant
micafungin,FLVLQLRDP,1,643,Q,S,1.3900757236986676,0.0468552795683741,0.0468552795683738,1.0,resistant,resistant,resistant
micafungin,FLVLRLRDP,1,643,R,S,1.4450964544559315,0.0559873056774549,0.0559873056774549,1.0,resistant,resistant,resistant
micafungin,FLVLS*RDP,1,644,*,L,0.0368531151578451,0.1262877763216035,0.1262877763216035,0.0,WT-like,WT-like,sensitive
micafungin,FLVLSARDP,1,644,A,L,-0.1807049130065631,0.0175054614288992,0.0175054614288992,0.0,WT-like,WT-like,sensitive
micafungin,FLVLSCRDP,1,644,C,L,-0.2628072361585549,0.2340770163468892,0.2340770163468892,0.0,WT-like,WT-like,sensitive
micafungin,FLVLSDRDP,1,644,D,L,-0.4318349806606993,0.4297287428701085,0.4297287428701085,0.0,WT-like,WT-like,sensitive
micafungin,FLVLSERDP,1,644,E,L,-0.2084055064903289,0.1477288974649124,0.1477288974649124,0.0,WT-like,WT-like,sensitive
micafungin,FLVLSFRDP,1,644,F,L,-0.0256182445025826,0.0551111993524344,0.0551111993524344,0.0,WT-like,WT-like,sensitive
micafungin,FLVLSGRDP,1,644,G,L,-0.1943848184932131,0.2792741400448252,0.2792741400448252,0.0,WT-like,WT-like,sensitive
micafungin,FLVLSHRDP,1,644,H,L,1.4338244112636085,0.0707843646330939,0.0707843646330939,1.0,resistant,resistant,resistant
micafungin,FLVLSIRDP,1,644,I,L,-0.1675403849866842,0.1792512221887523,0.1792512221887523,0.0,WT-like,WT-like,sensitive
micafungin,FLVLSKRDP,1,644,K,L,0.1509447283644567,0.0238341186809704,0.0238341186809704,0.0,WT-like,WT-like,sensitive
micafungin,FLVLSL*DP,1,645,*,R,0.2200622760095636,0.0448852453679167,0.0448852453679167,0.0,WT-like,WT-like,sensitive
micafungin,FLVLSLADP,1,645,A,R,1.4310174016092194,0.0630107585724124,0.0630107585724122,1.0,resistant,resistant,resistant
micafungin,FLVLSLCDP,1,645,C,R,1.1708567785982575,0.0797870309668671,0.0797870309668669,2.0,intermediary,intermediary,resistant
micafungin,FLVLSLDDP,1,645,D,R,1.401532922747172,0.0306134091113225,0.0306134091113228,1.0,resistant,resistant,resistant
micafungin,FLVLSLEDP,1,645,E,R,1.021094767920372,0.1014297522054327,0.1014297522054326,2.0,intermediary,intermediary,resistant
micafungin,FLVLSLFDP,1,645,F,R,0.9841800872947036,0.0255395533849221,0.0255395533849223,2.0,intermediary,intermediary,resistant
micafungin,FLVLSLGDP,1,645,G,R,1.4266828779660583,0.0653551706961395,0.0653551706961395,1.0,resistant,resistant,resistant
micafungin,FLVLSLIDP,1,645,I,R,-0.0060250951826392,0.0629526059248929,0.0629526059248929,0.0,WT-like,WT-like,sensitive
micafungin,FLVLSLKDP,1,645,K,R,0.050589016597844,0.0373060944135223,0.0373060944135223,0.0,WT-like,WT-like,sensitive
micafungin,FLVLSLLDP,1,645,L,R,0.069293689445824,0.0825630455690149,0.0825630455690149,0.0,WT-like,WT-like,sensitive
micafungin,FLVLSLMDP,1,645,M,R,0.838243981785324,0.0597683456966186,0.0597683456966186,2.0,intermediary,intermediary,resistant
micafungin,FLVLSLNDP,1,645,N,R,1.4157935159886108,0.0559105995880859,0.0559105995880857,1.0,resistant,resistant,resistant
micafungin,FLVLSLPDP,1,645,P,R,1.3977826732048282,0.0629558669092089,0.0629558669092091,1.0,resistant,resistant,resistant
micafungin,FLVLSLQDP,1,645,Q,R,1.4123377516049005,0.0550689340124812,0.0550689340124814,1.0,resistant,resistant,resistant
micafungin,FLVLSLR*P,1,646,*,D,0.2555645477231901,0.1841210196126781,0.1841210196126781,0.0,WT-like,WT-like,sensitive
micafungin,FLVLSLRAP,1,646,A,D,-0.071269489013759,0.1857971925381586,0.1857971925381586,0.0,WT-like,WT-like,sensitive
micafungin,FLVLSLRCP,1,646,C,D,0.8175538855334183,0.0459551299142304,0.0459551299142304,2.0,intermediary,intermediary,resistant
micafungin,FLVLSLRD*,1,647,*,P,0.2890996560919867,0.0756149340866825,0.0756149340866825,0.0,WT-like,WT-like,sensitive
micafungin,FLVLSLRDA,1,647,A,P,1.3587295572439504,0.0414699961054847,0.0414699961054847,1.0,resistant,resistant,resistant
micafungin,FLVLSLRDD,1,647,D,P,1.414893848226153,0.0458807778672356,0.0458807778672356,1.0,resistant,resistant,resistant
micafungin,FLVLSLRDE,1,647,E,P,1.4230501548620782,0.0228299230853481,0.0228299230853481,1.0,resistant,resistant,resistant
micafungin,FLVLSLRDF,1,647,F,P,1.3216866458199663,0.0391961019208464,0.0391961019208464,2.0,intermediary,intermediary,resistant
micafungin,FLVLSLRDG,1,647,G,P,0.94138008494604,0.0671297851450881,0.0671297851450882,2.0,intermediary,intermediary,resistant
micafungin,FLVLSLRDH,1,647,H,P,1.3620673921928814,0.0463658974667735,0.0463658974667735,1.0,resistant,resistant,resistant
micafungin,FLVLSLRDI,1,647,I,P,1.3324815842665798,0.0445580051979164,0.0445580051979164,2.0,intermediary,intermediary,resistant
micafungin,FLVLSLRDK,1,647,K,P,1.259484694795672,0.050363708680061,0.050363708680061,2.0,intermediary,intermediary,resistant
micafungin,FLVLSLRDL,1,647,L,P,1.206694265381235,0.0417715875485265,0.0417715875485267,2.0,intermediary,intermediary,resistant
micafungin,FLVLSLRDM,1,647,M,P,1.400570946558521,0.0504487181944697,0.0504487181944699,1.0,resistant,resistant,resistant
micafungin,FLVLSLRDP,0,not-applicable,not-applicable,not-applicable,-0.0464641771192351,0.0038136937910548,0.0038136937910548,0.0,WT-like,WT-like,sensitive
micafungin,FLVLSLRDR,1,647,R,P,0.9114909300582072,0.065997487630071,0.065997487630071,2.0,intermediary,intermediary,resistant
micafungin,FLVLSLRDS,1,647,S,P,0.929228027885614,0.0245450554736587,0.0245450554736585,2.0,intermediary,intermediary,resistant
micafungin,FLVLSLRDT,1,647,T,P,1.385223154659483,0.0333494909460494,0.0333494909460492,1.0,resistant,resistant,resistant
micafungin,FLVLSLRDV,1,647,V,P,1.2541690614407812,0.0567749802050978,0.0567749802050978,2.0,intermediary,intermediary,resistant
micafungin,FLVLSLRDW,1,647,W,P,-0.1148579239437883,0.0984577585013201,0.0984577585013201,0.0,WT-like,WT-like,sensitive
micafungin,FLVLSLRDY,1,647,Y,P,1.0453636469007952,0.0296847676415681,0.0296847676415679,2.0,intermediary,intermediary,resistant
micafungin,FLVLSLREP,1,646,E,D,-0.1272115404459487,0.0068867265838395,0.0068867265838395,0.0,WT-like,WT-like,sensitive
micafungin,FLVLSLRFP,1,646,F,D,0.5585306895071467,0.0651171797528449,0.0651171797528449,2.0,intermediary,intermediary,resistant
micafungin,FLVLSLRGP,1,646,G,D,0.446330185249605,0.1712810635918799,0.1712810635918799,2.0,intermediary,intermediary,resistant
micafungin,FLVLSLRHP,1,646,H,D,0.9911200175431548,0.0364428944500939,0.0364428944500939,2.0,intermediary,intermediary,resistant
micafungin,FLVLSLRIP,1,646,I,D,1.4468366305082858,0.0547185693334728,0.0547185693334726,1.0,resistant,resistant,resistant
micafungin,FLVLSLRKP,1,646,K,D,0.5435338631986761,0.009356772116698,0.009356772116698,2.0,intermediary,intermediary,resistant
micafungin,FLVLSLRLP,1,646,L,D,-0.1399312578814521,0.0691934677022807,0.0691934677022807,0.0,WT-like,WT-like,sensitive
micafungin,FLVLSLRMP,1,646,M,D,-0.1014803258963629,0.0582869926417718,0.0582869926417718,0.0,WT-like,WT-like,sensitive
micafungin,FLVLSLRNP,1,646,N,D,0.0383558580430071,0.0839981738733642,0.0839981738733642,0.0,WT-like,WT-like,sensitive
micafungin,FLVLSLRPP,1,646,P,D,1.3945981801233998,0.0484886466981573,0.0484886466981573,1.0,resistant,resistant,resistant
micafungin,FLVLSLRQP,1,646,Q,D,0.0547352564078506,0.0114903128238343,0.0114903128238343,0.0,WT-like,WT-like,sensitive
micafungin,FLVLSLRRP,1,646,R,D,1.4772980705569214,0.0511040778798412,0.0511040778798412,1.0,resistant,resistant,resistant
micafungin,FLVLSLRSP,1,646,S,D,0.8248678972635999,0.0284147740304905,0.0284147740304906,2.0,intermediary,intermediary,resistant
micafungin,FLVLSLRTP,1,646,T,D,1.4251560940589958,0.0464868357552381,0.0464868357552381,1.0,resistant,resistant,resistant
micafungin,FLVLSLRVP,1,646,V,D,1.43484694705075,0.0471470385774055,0.0471470385774057,1.0,resistant,resistant,resistant
micafungin,FLVLSLRWP,1,646,W,D,-0.4639662139100589,0.1053940044562486,0.1053940044562486,0.0,WT-like,WT-like,sensitive
micafungin,FLVLSLRYP,1,646,Y,D,1.2606957381849937,0.0434739864582476,0.0434739864582474,2.0,intermediary,intermediary,resistant
micafungin,FLVLSLSDP,1,645,S,R,1.431481972690683,0.0534273611842819,0.0534273611842821,1.0,resistant,resistant,resistant
micafungin,FLVLSLTDP,1,645,T,R,0.9986931265352212,0.0426571703144302,0.0426571703144302,2.0,intermediary,intermediary,resistant
micafungin,FLVLSLVDP,1,645,V,R,0.1772691286939496,0.0780579873271689,0.0780579873271689,0.0,WT-like,WT-like,sensitive
micafungin,FLVLSLWDP,1,645,W,R,1.1573767701234052,0.0866376842421199,0.0866376842421197,2.0,intermediary,intermediary,resistant
micafungin,FLVLSLYDP,1,645,Y,R,0.7671629317506024,0.0209388852039746,0.0209388852039746,2.0,intermediary,intermediary,resistant
micafungin,FLVLSMRDP,1,644,M,L,0.1307064508417181,0.0381558848007802,0.0381558848007802,0.0,WT-like,WT-like,sensitive
micafungin,FLVLSNRDP,1,644,N,L,-0.0498356163077192,0.0565790403143622,0.0565790403143622,0.0,WT-like,WT-like,sensitive
micafungin,FLVLSPRDP,1,644,P,L,0.0933488860543477,0.0117516185804877,0.0117516185804877,0.0,WT-like,WT-like,sensitive
micafungin,FLVLSQRDP,1,644,Q,L,1.3815186972885944,0.0706329831385375,0.0706329831385375,1.0,resistant,resistant,resistant
micafungin,FLVLSRRDP,1,644,R,L,1.3994486771550172,0.0410302375464983,0.0410302375464983,1.0,resistant,resistant,resistant
micafungin,FLVLSSRDP,1,644,S,L,0.0328029780175372,0.0614665910698068,0.0614665910698068,0.0,WT-like,WT-like,sensitive
micafungin,FLVLSTRDP,1,644,T,L,-0.0634223686479292,0.1621362140212576,0.1621362140212576,0.0,WT-like,WT-like,sensitive
micafungin,FLVLSVRDP,1,644,V,L,-0.1718395065730542,0.27472907991479,0.27472907991479,0.0,WT-like,WT-like,sensitive
micafungin,FLVLSWRDP,1,644,W,L,1.004050838701925,0.0319988614012027,0.031998861401203,2.0,intermediary,intermediary,resistant
micafungin,FLVLSYRDP,1,644,Y,L,-0.3564941372977013,0.3969836362049939,0.3969836362049939,0.0,WT-like,WT-like,sensitive
micafungin,FLVLTLRDP,1,643,T,S,0.5635412396786021,0.0054942837553845,0.0054942837553845,2.0,intermediary,intermediary,resistant
micafungin,FLVLVLRDP,1,643,V,S,0.1676845888748884,0.034336099794455,0.034336099794455,0.0,WT-like,WT-like,sensitive
micafungin,FLVLWLRDP,1,643,W,S,0.4597827216238899,0.3291167682469224,0.3291167682469224,2.0,intermediary,intermediary,resistant
micafungin,FLVLYLRDP,1,643,Y,S,1.3823232182122291,0.0326460001430555,0.0326460001430553,1.0,resistant,resistant,resistant
micafungin,FLVMSLRDP,1,642,M,L,-0.1638965255183807,0.0799147470993612,0.0799147470993612,0.0,WT-like,WT-like,sensitive
micafungin,FLVNSLRDP,1,642,N,L,0.0996544549213618,0.027611196374796,0.027611196374796,0.0,WT-like,WT-like,sensitive
micafungin,FLVPSLRDP,1,642,P,L,-0.1511723150383264,0.1827131779282483,0.1827131779282483,0.0,WT-like,WT-like,sensitive
micafungin,FLVQSLRDP,1,642,Q,L,-0.1158906546927698,0.0544331225659314,0.0544331225659314,0.0,WT-like,WT-like,sensitive
micafungin,FLVRSLRDP,1,642,R,L,0.2668041108656885,0.0628573485987214,0.0628573485987214,0.0,WT-like,WT-like,sensitive
micafungin,FLVSSLRDP,1,642,S,L,0.0895503417420822,0.1151289411749013,0.1151289411749013,0.0,WT-like,WT-like,sensitive
micafungin,FLVTSLRDP,1,642,T,L,-0.0454354143480694,0.0891532467951527,0.0891532467951527,0.0,WT-like,WT-like,sensitive
micafungin,FLVVSLRDP,1,642,V,L,-0.2808498157014342,0.0195958332794988,0.0195958332794988,0.0,WT-like,WT-like,sensitive
micafungin,FLVWSLRDP,1,642,W,L,1.460922546698038,0.0576301781418302,0.05763017814183,1.0,resistant,resistant,resistant
micafungin,FLVYSLRDP,1,642,Y,L,1.4542517176876182,0.0582483589638487,0.0582483589638487,1.0,resistant,resistant,resistant
micafungin,FLYLSLRDP,1,641,Y,V,-0.0349100991613895,0.051503889765228,0.051503889765228,0.0,WT-like,WT-like,sensitive
micafungin,FMVLSLRDP,1,640,M,L,-0.1660224675184616,0.0306304588550975,0.0306304588550975,0.0,WT-like,WT-like,sensitive
micafungin,FNVLSLRDP,1,640,N,L,-0.271329588861646,0.0709042998820095,0.0709042998820095,0.0,WT-like,WT-like,sensitive
micafungin,FPVLSLRDP,1,640,P,L,0.0155658626466563,0.0948924077986801,0.0948924077986801,0.0,WT-like,WT-like,sensitive
micafungin,FQVLSLRDP,1,640,Q,L,-0.0408883401894254,0.0275978926811939,0.0275978926811939,0.0,WT-like,WT-like,sensitive
micafungin,FRVLSLRDP,1,640,R,L,0.0467158203395769,0.1204371061898136,0.1204371061898136,0.0,WT-like,WT-like,sensitive
micafungin,FSVLSLRDP,1,640,S,L,0.4080740061534932,0.0303240041903776,0.0303240041903776,2.0,intermediary,intermediary,resistant
micafungin,FTVLSLRDP,1,640,T,L,0.0793294048631009,0.0017561307611299,0.0017561307611299,0.0,WT-like,WT-like,sensitive
micafungin,FVVLSLRDP,1,640,V,L,0.0306010695039529,0.1036837754305479,0.1036837754305479,0.0,WT-like,WT-like,sensitive
micafungin,FWVLSLRDP,1,640,W,L,0.2222528711636934,0.028923674545925,0.028923674545925,0.0,WT-like,WT-like,sensitive
micafungin,FYVLSLRDP,1,640,Y,L,-0.0651430356298842,0.0229229283727609,0.0229229283727609,0.0,WT-like,WT-like,sensitive
micafungin,GLVLSLRDP,1,639,G,F,1.4817172944526178,0.0556190663999169,0.0556190663999169,1.0,resistant,resistant,resistant
micafungin,HLVLSLRDP,1,639,H,F,1.4457430842928574,0.0846366933381952,0.084636693338195,1.0,resistant,resistant,resistant
micafungin,ILVLSLRDP,1,639,I,F,1.0250065881782309,0.0049030617142769,0.0049030617142771,2.0,intermediary,intermediary,resistant
micafungin,KLVLSLRDP,1,639,K,F,1.4537923707053415,0.0577620282085777,0.057762028208578,1.0,resistant,resistant,resistant
micafungin,LLVLSLRDP,1,639,L,F,0.0734114716447849,0.0045330613016188,0.0045330613016188,0.0,WT-like,WT-like,sensitive
micafungin,MLVLSLRDP,1,639,M,F,-0.4788610172737859,0.0737100057390294,0.0737100057390293,0.0,WT-like,WT-like,sensitive
micafungin,NLVLSLRDP,1,639,N,F,1.1722365935860124,0.0431732335748971,0.0431732335748971,2.0,intermediary,intermediary,resistant
micafungin,PLVLSLRDP,1,639,P,F,1.4258247516246216,0.1080354107330512,0.1080354107330512,1.0,resistant,resistant,resistant
micafungin,QLVLSLRDP,1,639,Q,F,-0.2563844817015061,0.1539150890261872,0.1539150890261872,0.0,WT-like,WT-like,sensitive
micafungin,RLVLSLRDP,1,639,R,F,1.418733563050402,0.0641039202681656,0.0641039202681659,1.0,resistant,resistant,resistant
micafungin,SLVLSLRDP,1,639,S,F,1.4429348322313933,0.0559106635832651,0.0559106635832651,1.0,resistant,resistant,resistant
micafungin,TLVLSLRDP,1,639,T,F,1.2305678331604817,0.0370982103074919,0.0370982103074921,2.0,intermediary,intermediary,resistant
micafungin,VLVLSLRDP,1,639,V,F,1.370572962623698,0.0160700589083528,0.0160700589083528,1.0,resistant,resistant,resistant
micafungin,WLVLSLRDP,1,639,W,F,1.3557402034622643,0.0309921349465387,0.0309921349465385,1.0,resistant,resistant,resistant
micafungin,YLVLSLRDP,1,639,Y,F,1.299187483415083,0.0643815167682546,0.0643815167682546,2.0,intermediary,intermediary,resistant
none,*LVLSLRDP,1,639,*,F,-0.2543419219609715,0.0844970074348126,0.0844970074348126,1.0,slightly deleterious,slightly deleterious,sensitive
none,ALVLSLRDP,1,639,A,F,-0.0065152587496194,0.0477442459338216,0.0477442459338216,0.0,WT-like,WT-like,sensitive
none,DLVLSLRDP,1,639,D,F,-0.0239585384672584,0.0302006914101582,0.0302006914101582,0.0,WT-like,WT-like,sensitive
none,ELVLSLRDP,1,639,E,F,0.0098099753106341,0.0027903272765308,0.0027903272765308,0.0,WT-like,WT-like,sensitive
none,F*VLSLRDP,1,640,*,L,-0.2047429746254008,0.0689615834040033,0.0689615834040033,1.0,slightly deleterious,slightly deleterious,sensitive
none,FAVLSLRDP,1,640,A,L,0.0194072413039373,0.0198652427251147,0.0198652427251147,0.0,WT-like,WT-like,sensitive
none,FCVLSLRDP,1,640,C,L,-0.0117547581105968,0.0344487971625906,0.0344487971625906,0.0,WT-like,WT-like,sensitive
none,FEVLSLRDP,1,640,E,L,0.0188793484705546,0.0351809636937252,0.0351809636937252,0.0,WT-like,WT-like,sensitive
none,FFVLSLRDP,1,640,F,L,-0.0109218312009133,0.0123282741320146,0.0123282741320146,0.0,WT-like,WT-like,sensitive
none,FGVLSLRDP,1,640,G,L,-0.0120759614578247,0.0493843778027843,0.0493843778027843,0.0,WT-like,WT-like,sensitive
none,FHVLSLRDP,1,640,H,L,-0.0306308631014594,0.0223143312483131,0.0223143312483131,0.0,WT-like,WT-like,sensitive
none,FIVLSLRDP,1,640,I,L,-0.0280807271305579,0.0210761302151305,0.0210761302151305,0.0,WT-like,WT-like,sensitive
none,FKVLSLRDP,1,640,K,L,-0.646464608236314,0.0344642566579509,0.0344642566579509,2.0,deleterious,deleterious,deleterious
none,FL*LSLRDP,1,641,*,V,-0.236705468381615,0.0981963811364237,0.0981963811364237,1.0,slightly deleterious,slightly deleterious,sensitive
none,FLALSLRDP,1,641,A,V,0.0523011202768934,0.0087741662259849,0.0087741662259849,0.0,WT-like,WT-like,sensitive
none,FLCLSLRDP,1,641,C,V,0.0197683487054548,0.0103017324819697,0.0103017324819697,0.0,WT-like,WT-like,sensitive
none,FLELSLRDP,1,641,E,V,0.0193868878693234,0.0242686561527802,0.0242686561527802,0.0,WT-like,WT-like,sensitive
none,FLFLSLRDP,1,641,F,V,-0.0223805470994563,0.0026389913966893,0.0026389913966893,0.0,WT-like,WT-like,sensitive
none,FLGLSLRDP,1,641,G,V,0.0349630065802192,0.0027186215373486,0.0027186215373486,0.0,WT-like,WT-like,sensitive
none,FLHLSLRDP,1,641,H,V,-0.0664288853983077,0.0285641847087699,0.0285641847087699,1.0,slightly deleterious,slightly deleterious,sensitive
none,FLILSLRDP,1,641,I,V,0.0235796862917334,0.0104441041980619,0.0104441041980619,0.0,WT-like,WT-like,sensitive
none,FLKLSLRDP,1,641,K,V,-0.1244155676519327,0.0526425924305242,0.0526425924305242,1.0,slightly deleterious,slightly deleterious,sensitive
none,FLLLSLRDP,1,641,L,V,0.0007141915065518,6.83470435154938e-05,6.83470435154938e-05,0.0,WT-like,WT-like,sensitive
none,FLMLSLRDP,1,641,M,V,-0.0085019904568285,0.0126218379582592,0.0126218379582592,0.0,WT-like,WT-like,sensitive
none,FLPLSLRDP,1,641,P,V,-0.011010526956987,0.0061332507376563,0.0061332507376563,0.0,WT-like,WT-like,sensitive
none,FLQLSLRDP,1,641,Q,V,-0.0222874945787876,0.0321858041004339,0.0321858041004339,0.0,WT-like,WT-like,sensitive
none,FLRLSLRDP,1,641,R,V,-0.0946510532055088,0.0523249630916745,0.0523249630916745,1.0,slightly deleterious,slightly deleterious,sensitive
none,FLSLSLRDP,1,641,S,V,-0.1585121610545573,0.0166450237786733,0.0166450237786733,1.0,slightly deleterious,slightly deleterious,sensitive
none,FLTLSLRDP,1,641,T,V,-0.001919276045221,0.0026868205894261,0.0026868205894261,0.0,WT-like,WT-like,sensitive
none,FLV*SLRDP,1,642,*,L,-0.2489424001707988,0.0017972448664991,0.001797244866499,1.0,slightly deleterious,slightly deleterious,sensitive
none,FLVASLRDP,1,642,A,L,0.0328287245809426,0.02115955207519,0.02115955207519,0.0,WT-like,WT-like,sensitive
none,FLVCSLRDP,1,642,C,L,0.0319412534201767,0.0163570470369957,0.0163570470369956,0.0,WT-like,WT-like,sensitive
none,FLVDSLRDP,1,642,D,L,-0.0010691336447996,0.0163851550052318,0.0163851550052318,0.0,WT-like,WT-like,sensitive
none,FLVESLRDP,1,642,E,L,0.0048399575526737,0.0222050035668386,0.0222050035668385,0.0,WT-like,WT-like,sensitive
none,FLVFSLRDP,1,642,F,L,0.0171783930854976,0.0125374986772157,0.0125374986772157,0.0,WT-like,WT-like,sensitive
none,FLVHSLRDP,1,642,H,L,0.0236557403446991,0.0016381377324328,0.0016381377324328,0.0,WT-like,WT-like,sensitive
none,FLVISLRDP,1,642,I,L,-0.0302295085030536,0.0260894287974427,0.0260894287974427,0.0,WT-like,WT-like,sensitive
none,FLVL*LRDP,1,643,*,S,-0.3358980951092405,0.0261106228965517,0.0261106228965517,1.0,slightly deleterious,slightly deleterious,sensitive
none,FLVLALRDP,1,643,A,S,0.024486332745644,0.0300625172064788,0.0300625172064788,0.0,WT-like,WT-like,sensitive
none,FLVLCLRDP,1,643,C,S,0.021167736975058,0.0129245853332514,0.0129245853332514,0.0,WT-like,WT-like,sensitive
none,FLVLDLRDP,1,643,D,S,-0.0128508334118232,0.0081051405603758,0.0081051405603758,0.0,WT-like,WT-like,sensitive
none,FLVLELRDP,1,643,E,S,0.01199264622929,0.0211085058536751,0.0211085058536751,0.0,WT-like,WT-like,sensitive
none,FLVLFLRDP,1,643,F,S,0.0136806514394201,0.0010374006368571,0.0010374006368571,0.0,WT-like,WT-like,sensitive
none,FLVLGLRDP,1,643,G,S,0.012540515798264,0.0212755281983918,0.0212755281983918,0.0,WT-like,WT-like,sensitive
none,FLVLHLRDP,1,643,H,S,0.020587872164367,0.0149315037156834,0.0149315037156834,0.0,WT-like,WT-like,sensitive
none,FLVLILRDP,1,643,I,S,0.0075680942101818,0.0071831290778114,0.0071831290778114,0.0,WT-like,WT-like,sensitive
none,FLVLKLRDP,1,643,K,S,0.0116873088570582,0.0210153211913204,0.0210153211913204,0.0,WT-like,WT-like,sensitive
none,FLVLLLRDP,1,643,L,S,-0.0032078866346066,0.00110679274868,0.00110679274868,0.0,WT-like,WT-like,sensitive
none,FLVLMLRDP,1,643,M,S,-0.0014398552386056,0.0336490530344554,0.0336490530344554,0.0,WT-like,WT-like,sensitive
none,FLVLNLRDP,1,643,N,S,0.0230623817645493,0.018665346530055,0.018665346530055,0.0,WT-like,WT-like,sensitive
none,FLVLPLRDP,1,643,P,S,0.030933306020727,0.0227758010274651,0.0227758010274651,0.0,WT-like,WT-like,sensitive
none,FLVLQLRDP,1,643,Q,S,0.0077172801748293,0.0126312002860898,0.0126312002860898,0.0,WT-like,WT-like,sensitive
none,FLVLRLRDP,1,643,R,S,0.0121544679285429,0.0041418730870286,0.0041418730870286,0.0,WT-like,WT-like,sensitive
none,FLVLS*RDP,1,644,*,L,-0.2078797302284577,0.0419670279994786,0.0419670279994786,1.0,slightly deleterious,slightly deleterious,sensitive
none,FLVLSARDP,1,644,A,L,0.0071994872144744,0.0074310405091035,0.0074310405091035,0.0,WT-like,WT-like,sensitive
none,FLVLSCRDP,1,644,C,L,0.0027410059040704,0.0086353473477862,0.0086353473477862,0.0,WT-like,WT-like,sensitive
none,FLVLSDRDP,1,644,D,L,0.012734307682632,0.0252566053612409,0.0252566053612409,0.0,WT-like,WT-like,sensitive
none,FLVLSERDP,1,644,E,L,0.0044540473974561,0.0332897716756672,0.0332897716756672,0.0,WT-like,WT-like,sensitive
none,FLVLSFRDP,1,644,F,L,0.0145214890946039,0.0224354703252983,0.0224354703252983,0.0,WT-like,WT-like,sensitive
none,FLVLSGRDP,1,644,G,L,-0.0052956440722452,0.0285309944187492,0.0285309944187492,0.0,WT-like,WT-like,sensitive
none,FLVLSHRDP,1,644,H,L,0.0304997117774211,0.0045756443966324,0.0045756443966324,0.0,WT-like,WT-like,sensitive
none,FLVLSIRDP,1,644,I,L,-0.0369551204705873,0.0234569631330392,0.0234569631330392,0.0,WT-like,WT-like,sensitive
none,FLVLSKRDP,1,644,K,L,0.0127915096689049,0.0307008134252588,0.0307008134252588,0.0,WT-like,WT-like,sensitive
none,FLVLSL*DP,1,645,*,R,-0.2189152431102409,0.0944656284190988,0.0944656284190988,1.0,slightly deleterious,slightly deleterious,sensitive
none,FLVLSLADP,1,645,A,R,0.0048230216883181,0.0084492990149449,0.0084492990149449,0.0,WT-like,WT-like,sensitive
none,FLVLSLCDP,1,645,C,R,-0.0511985822428054,0.0429626257328212,0.0429626257328212,1.0,slightly deleterious,slightly deleterious,sensitive
none,FLVLSLDDP,1,645,D,R,-0.0204443109538512,0.0054478656653972,0.0054478656653972,0.0,WT-like,WT-like,sensitive
none,FLVLSLEDP,1,645,E,R,0.0214084871787493,0.0424632017691795,0.0424632017691795,0.0,WT-like,WT-like,sensitive
none,FLVLSLFDP,1,645,F,R,-0.0121847929404695,0.0083073584552686,0.0083073584552686,0.0,WT-like,WT-like,sensitive
none,FLVLSLGDP,1,645,G,R,-0.0097519712127818,0.0367193718882793,0.0367193718882793,0.0,WT-like,WT-like,sensitive
none,FLVLSLIDP,1,645,I,R,-0.008255446017823,0.0428382519154635,0.0428382519154635,0.0,WT-like,WT-like,sensitive
none,FLVLSLKDP,1,645,K,R,0.0029338786284852,0.0209422047500659,0.0209422047500659,0.0,WT-like,WT-like,sensitive
none,FLVLSLLDP,1,645,L,R,-0.0173896075499157,0.0223634688622147,0.0223634688622147,0.0,WT-like,WT-like,sensitive
none,FLVLSLMDP,1,645,M,R,0.0108541147111428,0.0067239255846512,0.0067239255846512,0.0,WT-like,WT-like,sensitive
none,FLVLSLNDP,1,645,N,R,0.0094805351287739,0.0370176683318553,0.0370176683318553,0.0,WT-like,WT-like,sensitive
none,FLVLSLPDP,1,645,P,R,-0.0099181967649695,0.0258544978690903,0.0258544978690903,0.0,WT-like,WT-like,sensitive
none,FLVLSLQDP,1,645,Q,R,-0.000843997725069,0.0356593209908442,0.0356593209908442,0.0,WT-like,WT-like,sensitive
none,FLVLSLR*P,1,646,*,D,-0.1933962343828091,0.0403122891485217,0.0403122891485217,1.0,slightly deleterious,slightly deleterious,sensitive
none,FLVLSLRAP,1,646,A,D,0.0308347953012755,0.0124033073451442,0.0124033073451442,0.0,WT-like,WT-like,sensitive
none,FLVLSLRCP,1,646,C,D,0.0142702130492477,0.0200377427547612,0.0200377427547612,0.0,WT-like,WT-like,sensitive
none,FLVLSLRD*,1,647,*,P,-0.271321562301579,0.1250641888800043,0.1250641888800043,1.0,slightly deleterious,slightly deleterious,sensitive
none,FLVLSLRDA,1,647,A,P,-0.0077347324342594,0.0079904190946632,0.0079904190946632,0.0,WT-like,WT-like,sensitive
none,FLVLSLRDD,1,647,D,P,0.0291236956584728,0.0231902936601734,0.0231902936601734,0.0,WT-like,WT-like,sensitive
none,FLVLSLRDE,1,647,E,P,-0.0022459166661417,0.0155432274909379,0.0155432274909379,0.0,WT-like,WT-like,sensitive
none,FLVLSLRDF,1,647,F,P,0.006732894812989,0.017107547353935,0.017107547353935,0.0,WT-like,WT-like,sensitive
none,FLVLSLRDG,1,647,G,P,0.0114128380209336,0.0155661263963343,0.0155661263963343,0.0,WT-like,WT-like,sensitive
none,FLVLSLRDH,1,647,H,P,-0.0268502456626271,0.0069457843705044,0.0069457843705044,0.0,WT-like,WT-like,sensitive
none,FLVLSLRDI,1,647,I,P,0.0100908229415564,0.0017169518963926,0.0017169518963926,0.0,WT-like,WT-like,sensitive
none,FLVLSLRDK,1,647,K,P,-0.0430726449827973,0.0003503173988119,0.0003503173988119,0.0,WT-like,WT-like,sensitive
none,FLVLSLRDL,1,647,L,P,0.0211587400816159,0.0260027870468882,0.0260027870468882,0.0,WT-like,WT-like,sensitive
none,FLVLSLRDM,1,647,M,P,0.005462778228924,0.0263863987305101,0.0263863987305101,0.0,WT-like,WT-like,sensitive
none,FLVLSLRDP,0,not-applicable,not-applicable,not-applicable,-0.0008292659746836,0.002996493111734,0.002996493111734,0.0,WT-like,WT-like,sensitive
none,FLVLSLRDR,1,647,R,P,-0.0477473034288653,0.0070737066162622,0.0070737066162622,0.0,WT-like,slightly deleterious,sensitive
none,FLVLSLRDS,1,647,S,P,0.0101895138192519,0.0184477697481965,0.0184477697481965,0.0,WT-like,WT-like,sensitive
none,FLVLSLRDT,1,647,T,P,-0.0069026398385151,0.0063315534313366,0.0063315534313366,0.0,WT-like,WT-like,sensitive
none,FLVLSLRDV,1,647,V,P,0.0139649412224802,0.0051936559203433,0.0051936559203433,0.0,WT-like,WT-like,sensitive
none,FLVLSLRDW,1,647,W,P,-0.0270107541609861,0.0121991321964754,0.0121991321964754,0.0,WT-like,WT-like,sensitive
none,FLVLSLRDY,1,647,Y,P,-0.0087399730897245,0.0143158264866448,0.0143158264866448,0.0,WT-like,WT-like,sensitive
none,FLVLSLREP,1,646,E,D,-0.0024132237494947,0.0072672785145287,0.0072672785145287,0.0,WT-like,WT-like,sensitive
none,FLVLSLRFP,1,646,F,D,-0.0102516116223478,0.0076354271757656,0.0076354271757656,0.0,WT-like,WT-like,sensitive
none,FLVLSLRGP,1,646,G,D,0.1221441634272748,0.1440153481509424,0.1440153481509424,1.0,slightly deleterious,WT-like,sensitive
none,FLVLSLRHP,1,646,H,D,0.0168969074509177,0.0252735779064699,0.0252735779064699,0.0,WT-like,WT-like,sensitive
none,FLVLSLRIP,1,646,I,D,0.0332653817920613,0.0217350301842545,0.0217350301842545,0.0,WT-like,WT-like,sensitive
none,FLVLSLRKP,1,646,K,D,0.0070066873829412,0.0164176799047683,0.0164176799047683,0.0,WT-like,WT-like,sensitive
none,FLVLSLRLP,1,646,L,D,0.0027358508203703,0.0222250425671173,0.0222250425671173,0.0,WT-like,WT-like,sensitive
none,FLVLSLRMP,1,646,M,D,-0.0139694644613107,0.001989219116965,0.001989219116965,0.0,WT-like,WT-like,sensitive
none,FLVLSLRNP,1,646,N,D,0.0240777715489103,0.0199115049412492,0.0199115049412491,0.0,WT-like,WT-like,sensitive
none,FLVLSLRPP,1,646,P,D,0.0012049111169608,0.0153827644096722,0.0153827644096722,0.0,WT-like,WT-like,sensitive
none,FLVLSLRQP,1,646,Q,D,-0.0044671784343659,0.008173315454971,0.008173315454971,0.0,WT-like,WT-like,sensitive
none,FLVLSLRRP,1,646,R,D,0.0107266811590239,0.0095850797202747,0.0095850797202747,0.0,WT-like,WT-like,sensitive
none,FLVLSLRSP,1,646,S,D,0.0180625997382845,0.0165245262393347,0.0165245262393347,0.0,WT-like,WT-like,sensitive
none,FLVLSLRTP,1,646,T,D,0.0036094421657032,0.0147307121100401,0.0147307121100401,0.0,WT-like,WT-like,sensitive
none,FLVLSLRVP,1,646,V,D,-0.0037437793713241,0.0012851463275967,0.0012851463275967,0.0,WT-like,WT-like,sensitive
none,FLVLSLRWP,1,646,W,D,0.0403908976584669,0.0031589341336716,0.0031589341336716,0.0,WT-like,WT-like,sensitive
none,FLVLSLRYP,1,646,Y,D,-0.003423975336158,0.019429880881471,0.019429880881471,0.0,WT-like,WT-like,sensitive
none,FLVLSLSDP,1,645,S,R,-0.0048072927925664,0.0175268597168818,0.0175268597168818,0.0,WT-like,WT-like,sensitive
none,FLVLSLTDP,1,645,T,R,0.0125674797650933,0.029687085537693,0.029687085537693,0.0,WT-like,WT-like,sensitive
none,FLVLSLVDP,1,645,V,R,-0.0276790431755453,0.0255564052820917,0.0255564052820917,0.0,WT-like,WT-like,sensitive
none,FLVLSLWDP,1,645,W,R,0.0345943338285415,0.0388424283708749,0.0388424283708749,0.0,WT-like,WT-like,sensitive
none,FLVLSLYDP,1,645,Y,R,5.805454729961544e-05,0.0178312355085816,0.0178312355085816,0.0,WT-like,WT-like,sensitive
none,FLVLSMRDP,1,644,M,L,0.0015332544434611,0.003292112085183,0.003292112085183,0.0,WT-like,WT-like,sensitive
none,FLVLSNRDP,1,644,N,L,-0.0022183997825914,0.0062903471398682,0.0062903471398682,0.0,WT-like,WT-like,sensitive
none,FLVLSPRDP,1,644,P,L,-0.041284708796797,0.0175897173636502,0.0175897173636503,0.0,WT-like,WT-like,sensitive
none,FLVLSQRDP,1,644,Q,L,0.0075777040063385,0.0398793060847694,0.0398793060847694,0.0,WT-like,WT-like,sensitive
none,FLVLSRRDP,1,644,R,L,-0.0065371785740853,0.0145029593625211,0.0145029593625211,0.0,WT-like,WT-like,sensitive
none,FLVLSSRDP,1,644,S,L,0.0099597668081239,0.006243399475338,0.006243399475338,0.0,WT-like,WT-like,sensitive
none,FLVLSTRDP,1,644,T,L,0.0028860836175004,0.0040775477375869,0.0040775477375869,0.0,WT-like,WT-like,sensitive
none,FLVLSVRDP,1,644,V,L,0.0010643702896756,0.0361916369517401,0.0361916369517401,0.0,WT-like,WT-like,sensitive
none,FLVLSWRDP,1,644,W,L,-0.0119034053434777,0.0261824567634231,0.0261824567634231,0.0,WT-like,WT-like,sensitive
none,FLVLSYRDP,1,644,Y,L,-0.0020488170321588,0.0021523960311621,0.0021523960311621,0.0,WT-like,WT-like,sensitive
none,FLVLTLRDP,1,643,T,S,0.0153985154951478,0.0120057534102722,0.0120057534102722,0.0,WT-like,WT-like,sensitive
none,FLVLVLRDP,1,643,V,S,-0.0809632260911203,0.0630510468426513,0.0630510468426513,1.0,slightly deleterious,slightly deleterious,sensitive
none,FLVLWLRDP,1,643,W,S,-0.0550417603209964,0.0188953168749627,0.0188953168749627,1.0,slightly deleterious,slightly deleterious,sensitive
none,FLVLYLRDP,1,643,Y,S,-0.0360108218897368,0.0172296330758939,0.0172296330758939,0.0,WT-like,WT-like,sensitive
none,FLVMSLRDP,1,642,M,L,0.0085132123470301,0.0015031522939307,0.0015031522939307,0.0,WT-like,WT-like,sensitive
none,FLVNSLRDP,1,642,N,L,0.0186340146270768,0.0004994481587803,0.0004994481587803,0.0,WT-like,WT-like,sensitive
none,FLVPSLRDP,1,642,P,L,-0.0052157518458206,0.005360323337471,0.005360323337471,0.0,WT-like,WT-like,sensitive
none,FLVQSLRDP,1,642,Q,L,0.0361924936714874,0.0058090752275185,0.0058090752275185,0.0,WT-like,WT-like,sensitive
none,FLVRSLRDP,1,642,R,L,0.0005667461238093,0.0037344468349368,0.0037344468349368,0.0,WT-like,WT-like,sensitive
none,FLVSSLRDP,1,642,S,L,-0.00976188217051,0.020420680665994,0.020420680665994,0.0,WT-like,WT-like,sensitive
none,FLVTSLRDP,1,642,T,L,0.0206954277006035,0.0105320854209008,0.0105320854209008,0.0,WT-like,WT-like,sensitive
none,FLVVSLRDP,1,642,V,L,0.0181749085375115,0.0278269210967159,0.0278269210967159,0.0,WT-like,WT-like,sensitive
none,FLVWSLRDP,1,642,W,L,0.0364810994787588,0.0120062769006036,0.0120062769006036,0.0,WT-like,WT-like,sensitive
none,FLVYSLRDP,1,642,Y,L,0.0888047208157921,0.0570632560794743,0.0570632560794743,1.0,slightly deleterious,WT-like,sensitive
none,FLYLSLRDP,1,641,Y,V,0.0305505315905319,0.011739441934903,0.0117394419349029,0.0,WT-like,WT-like,sensitive
none,FMVLSLRDP,1,640,M,L,-0.0013624642878113,0.0158927331616227,0.0158927331616227,0.0,WT-like,WT-like,sensitive
none,FNVLSLRDP,1,640,N,L,-0.0155571961532513,0.0132956555180477,0.0132956555180477,0.0,WT-like,WT-like,sensitive
none,FPVLSLRDP,1,640,P,L,-0.0052981259267638,0.0246084064468713,0.0246084064468713,0.0,WT-like,WT-like,sensitive
none,FQVLSLRDP,1,640,Q,L,-0.0136576951840883,0.0298787171262792,0.0298787171262792,0.0,WT-like,WT-like,sensitive
none,FRVLSLRDP,1,640,R,L,-0.0077223444464656,0.0466755382589076,0.0466755382589076,0.0,WT-like,WT-like,sensitive
none,FSVLSLRDP,1,640,S,L,0.0037479937232445,0.0135668735232319,0.0135668735232319,0.0,WT-like,WT-like,sensitive
none,FTVLSLRDP,1,640,T,L,-0.0115085341077462,0.0176591088814851,0.0176591088814851,0.0,WT-like,WT-like,sensitive
none,FVVLSLRDP,1,640,V,L,-0.0056645579547432,0.0112803019266897,0.0112803019266897,0.0,WT-like,WT-like,sensitive
none,FWVLSLRDP,1,640,W,L,-0.0176636183657564,0.0434561984135209,0.0434561984135209,0.0,WT-like,WT-like,sensitive
none,FYVLSLRDP,1,640,Y,L,-0.0035001353803909,0.0468036613517218,0.0468036613517218,0.0,WT-like,WT-like,sensitive
none,GLVLSLRDP,1,639,G,F,0.0664722445622941,0.0019966642161218,0.0019966642161218,1.0,slightly deleterious,WT-like,sensitive
none,HLVLSLRDP,1,639,H,F,0.0290566809622637,0.0150972861563502,0.0150972861563502,0.0,WT-like,WT-like,sensitive
none,ILVLSLRDP,1,639,I,F,0.0052191118109383,0.0061711064233386,0.0061711064233386,0.0,WT-like,WT-like,sensitive
none,KLVLSLRDP,1,639,K,F,0.0708884832902699,0.0151059454962939,0.0151059454962939,1.0,slightly deleterious,WT-like,sensitive
none,LLVLSLRDP,1,639,L,F,0.003197081546731,0.0402044752292943,0.0402044752292943,0.0,WT-like,WT-like,sensitive
none,MLVLSLRDP,1,639,M,F,0.0241426906233907,0.0224529374982559,0.0224529374982559,0.0,WT-like,WT-like,sensitive
none,NLVLSLRDP,1,639,N,F,-0.000930246790356,0.15732494047409,0.15732494047409,0.0,WT-like,WT-like,sensitive
none,PLVLSLRDP,1,639,P,F,0.0439186248004241,0.0575961849964755,0.0575961849964755,0.0,WT-like,WT-like,sensitive
none,QLVLSLRDP,1,639,Q,F,0.0498335937991983,0.0090025595128227,0.0090025595128227,0.0,WT-like,WT-like,sensitive
none,RLVLSLRDP,1,639,R,F,-0.0059394193705651,0.0045373217494366,0.0045373217494366,0.0,WT-like,WT-like,sensitive
none,SLVLSLRDP,1,639,S,F,0.006571689219319,0.0029290834397736,0.0029290834397736,0.0,WT-like,WT-like,sensitive
none,TLVLSLRDP,1,639,T,F,-0.1580196506632711,0.0412141658967078,0.0412141658967078,1.0,slightly deleterious,slightly deleterious,sensitive
none,VLVLSLRDP,1,639,V,F,0.0243300116040223,0.0138100902813022,0.0138100902813022,0.0,WT-like,WT-like,sensitive
none,WLVLSLRDP,1,639,W,F,0.0328465275110706,0.0055900477979395,0.0055900477979395,0.0,WT-like,WT-like,sensitive
none,YLVLSLRDP,1,639,Y,F,0.0229670906587106,0.0071319028892093,0.0071319028892093,0.0,WT-like,WT-like,sensitive
anidulafungin,CLVLSLRDP,1,639,C,F,1.235936036832633,,,,,,
caspofungin,CLVLSLRDP,1,639,C,F,1.2355563186349756,,,,,,
micafungin,CLVLSLRDP,1,639,C,F,1.3122684769692976,,,,,,
none,CLVLSLRDP,1,639,C,F,0.0621241386309042,,,,,,
anidulafungin,FDVLSLRDP,1,640,D,L,-0.1002254160242554,,,,,,
caspofungin,FDVLSLRDP,1,640,D,L,-0.1386732143591438,,,,,,
micafungin,FDVLSLRDP,1,640,D,L,0.4344169109512893,,,,,,
none,FDVLSLRDP,1,640,D,L,0.0263584492014548,,,,,,
anidulafungin,FLVGSLRDP,1,642,G,L,-0.2813572488578623,,,,,,
caspofungin,FLVGSLRDP,1,642,G,L,-0.1129819429260322,,,,,,
micafungin,FLVGSLRDP,1,642,G,L,-0.5800682379468083,,,,,,
none,FLVGSLRDP,1,642,G,L,-0.0076879284646667,,,,,,
anidulafungin,FLVKSLRDP,1,642,K,L,0.573232204153826,,,,,,
caspofungin,FLVKSLRDP,1,642,K,L,1.200204569557327,,,,,,
micafungin,FLVKSLRDP,1,642,K,L,1.0114362835311723,,,,,,
none,FLVKSLRDP,1,642,K,L,-0.001370437122295,,,,,,
anidulafungin,FLVLSLRDN,1,647,N,P,1.177388160184588,,,,,,
caspofungin,FLVLSLRDN,1,647,N,P,1.193707195910339,,,,,,
micafungin,FLVLSLRDN,1,647,N,P,1.2463108347819318,,,,,,
none,FLVLSLRDN,1,647,N,P,-0.0003389919223822,,,,,,
anidulafungin,FLVLSLRDQ,1,647,Q,P,1.2496891695169494,,,,,,
caspofungin,FLVLSLRDQ,1,647,Q,P,1.244944285828428,,,,,,
micafungin,FLVLSLRDQ,1,647,Q,P,1.3339519771158492,,,,,,
none,FLVLSLRDQ,1,647,Q,P,-0.004467787874517,,,,,,
anidulafungin,FLWLSLRDP,1,641,W,V,0.8633157499994555,,,,,,
caspofungin,FLWLSLRDP,1,641,W,V,0.6312115891853735,,,,,,
micafungin,FLWLSLRDP,1,641,W,V,0.5744168968179842,,,,,,
none,FLWLSLRDP,1,641,W,V,0.0540307854806778,,,,,,
