,compound,aa_seq,Nham_aa,aa_pos,alt_aa,wt_aa,s,min_s,max_s,label,rclass
0,anidulafungin,*WVRRYTL,1,1353,*,D,-0.4723215728506982,0.2857847768255599,0.0203951097208278,0.0,WT-like
1,anidulafungin,AWVRRYTL,1,1353,A,D,-0.5556071786889234,0.346583425698058,0.3428800936779343,0.0,WT-like
2,anidulafungin,CWVRRYTL,1,1353,C,D,-0.5547482673910673,0.0500885259850333,0.0865264662291651,0.0,WT-like
3,anidulafungin,DAVRRYTL,1,1354,A,W,-0.6849522588622734,0.2151645497838586,0.0843050235564578,0.0,WT-like
4,anidulafungin,DFVRRYTL,1,1354,F,W,1.7558102336852002,0.241596064879769,0.0803790001456035,1.0,resistant
5,anidulafungin,DGVRRYTL,1,1354,G,W,-0.2104386364201751,0.3164041649703359,0.3062205814041514,0.0,WT-like
6,anidulafungin,DKVRRYTL,1,1354,K,W,-0.837371548959055,0.1221151773230033,0.2219166910011398,0.0,WT-like
7,anidulafungin,DLVRRYTL,1,1354,L,W,1.2967521985742088,0.2401208590390287,0.0440229812605954,1.0,resistant
8,anidulafungin,DMVRRYTL,1,1354,M,W,0.2719027278085009,0.2402240432581926,0.0347838630572039,2.0,intermediary
9,anidulafungin,DNVRRYTL,1,1354,N,W,-0.7817318793660795,0.1642916226800788,0.0116762184870095,0.0,WT-like
10,anidulafungin,DPVRRYTL,1,1354,P,W,-0.7108499766566299,0.089015164668281,0.1281612465185752,0.0,WT-like
11,anidulafungin,DRVRRYTL,1,1354,R,W,0.6451213428322699,0.0414417986445948,0.2046655579147157,2.0,intermediary
12,anidulafungin,DSVRRYTL,1,1354,S,W,-0.4667949194277869,0.1959787805732095,0.0196033317915082,0.0,WT-like
13,anidulafungin,DTVRRYTL,1,1354,T,W,1.6498203366885509,0.2529095125167517,0.0204843518848294,1.0,resistant
14,anidulafungin,DWFRRYTL,1,1355,F,V,-0.7583944951928612,0.0665849405531328,0.1028813810931744,0.0,WT-like
15,anidulafungin,DWGRRYTL,1,1355,G,V,-0.8696567531228407,0.6918784681535792,0.15397306824632,0.0,WT-like
16,anidulafungin,DWIRRYTL,1,1355,I,V,-0.7648257668840546,0.0495273849974945,0.2725899473075788,0.0,WT-like
17,anidulafungin,DWKRRYTL,1,1355,K,V,-0.500337338565235,0.064261267824871,0.0423146047649461,0.0,WT-like
18,anidulafungin,DWLRRYTL,1,1355,L,V,-0.8255375695989295,0.0298013721591734,0.0299474715869848,0.0,WT-like
19,anidulafungin,DWMRRYTL,1,1355,M,V,-0.8477561983629862,0.0561127972888509,0.1576865619586691,0.0,WT-like
20,anidulafungin,DWNRRYTL,1,1355,N,V,-0.9065365090107064,0.0046486955876742,0.3126816844396852,0.0,WT-like
21,anidulafungin,DWPRRYTL,1,1355,P,V,2.195094865761756,0.3086013873914346,0.1810132795806445,1.0,resistant
22,anidulafungin,DWQRRYTL,1,1355,Q,V,-0.8042667917999895,0.0696843377653075,0.2039303542308076,0.0,WT-like
23,anidulafungin,DWRRRYTL,1,1355,R,V,-0.4900833034528304,0.26361375672934,0.231974008369624,0.0,WT-like
24,anidulafungin,DWSRRYTL,1,1355,S,V,-0.820100628540403,0.0349494503039301,0.0161813237829661,0.0,WT-like
25,anidulafungin,DWTRRYTL,1,1355,T,V,-0.5424676480394139,0.1093198512332725,0.0013533726823964,0.0,WT-like
26,anidulafungin,DWV*RYTL,1,1356,*,R,-0.6353145924535917,0.0357939085006105,0.0158686189999833,0.0,WT-like
27,anidulafungin,DWVARYTL,1,1356,A,R,-0.7271989500652862,0.1717508538589434,0.1981581253959345,0.0,WT-like
28,anidulafungin,DWVCRYTL,1,1356,C,R,-0.8499957010844288,0.0240354521557359,0.1289823615366823,0.0,WT-like
29,anidulafungin,DWVDRYTL,1,1356,D,R,-1.0064109888475106,0.176238934643798,0.1990581330666183,0.0,WT-like
30,anidulafungin,DWVERYTL,1,1356,E,R,0.084254686288028,0.6771192028148868,0.044867617460666,2.0,intermediary
31,anidulafungin,DWVIRYTL,1,1356,I,R,-0.4965340762598487,0.5654384483153148,0.1431913584340721,0.0,WT-like
32,anidulafungin,DWVKRYTL,1,1356,K,R,-0.8014395997176083,0.0121734645071049,0.0367621216477561,0.0,WT-like
33,anidulafungin,DWVLRYTL,1,1356,L,R,-0.1747232720634225,0.2569816442657909,0.1607724416353124,2.0,intermediary
34,anidulafungin,DWVMRYTL,1,1356,M,R,-0.8432428852971774,0.110072560448646,0.2948362624197153,0.0,WT-like
35,anidulafungin,DWVPRYTL,1,1356,P,R,-0.8358321486401628,0.2363246255788607,0.1835093015339923,0.0,WT-like
36,anidulafungin,DWVR*YTL,1,1357,*,R,-0.6566352667757598,0.1363833360620687,0.070160198935173,0.0,WT-like
37,anidulafungin,DWVRCYTL,1,1357,C,R,1.825939162491489,0.3054923273188545,0.1320743679529969,1.0,resistant
38,anidulafungin,DWVRFYTL,1,1357,F,R,2.10607846885296,0.3238769683290579,0.1474118413102063,1.0,resistant
39,anidulafungin,DWVRHYTL,1,1357,H,R,1.7226741684452438,0.3005477127941005,0.1348691239310251,1.0,resistant
40,anidulafungin,DWVRIYTL,1,1357,I,R,0.4030753253525611,0.1973945414021892,0.0315503776750126,2.0,intermediary
41,anidulafungin,DWVRKYTL,1,1357,K,R,-0.5615151889095527,0.0308420135829203,0.0198630502838889,0.0,WT-like
42,anidulafungin,DWVRLYTL,1,1357,L,R,1.604779633031189,0.3045970084525045,0.0028692526411218,1.0,resistant
43,anidulafungin,DWVRMYTL,1,1357,M,R,2.080814605461295,0.2491091919313617,0.1326995505740718,1.0,resistant
44,anidulafungin,DWVRNYTL,1,1357,N,R,1.4551628375907826,0.2609692664565759,0.1424350731434325,1.0,resistant
45,anidulafungin,DWVRPYTL,1,1357,P,R,1.602992584762233,0.260249015723857,0.0842904748251669,1.0,resistant
46,anidulafungin,DWVRQYTL,1,1357,Q,R,1.9685365367089187,0.2748646811608435,0.1712872237626161,1.0,resistant
47,anidulafungin,DWVRR*TL,1,1358,*,Y,-0.7705902009147605,0.0218888796876692,0.05542045513695,0.0,WT-like
48,anidulafungin,DWVRRATL,1,1358,A,Y,-0.6776604125434031,0.0702631232888749,0.0613333741982341,0.0,WT-like
49,anidulafungin,DWVRRCTL,1,1358,C,Y,-0.6815852675021332,0.0511688581581866,0.0581175598940991,0.0,WT-like
50,anidulafungin,DWVRRETL,1,1358,E,Y,-0.4532503539924546,0.2632418251607569,0.1541875661652316,0.0,WT-like
51,anidulafungin,DWVRRGTL,1,1358,G,Y,-0.3097797344414592,0.9530502945673154,0.2842542538148407,0.0,WT-like
52,anidulafungin,DWVRRITL,1,1358,I,Y,2.1034656097618774,0.2984070950514139,0.2025678558109342,1.0,resistant
53,anidulafungin,DWVRRLTL,1,1358,L,Y,-0.6360920838160291,0.1177579569044841,0.0832818117480871,0.0,WT-like
54,anidulafungin,DWVRRMTL,1,1358,M,Y,-0.3617966934848033,0.0566762846063968,0.3426445684894637,0.0,WT-like
55,anidulafungin,DWVRRNTL,1,1358,N,Y,0.4491553135339865,0.1110981643001207,0.0598677140829257,2.0,intermediary
56,anidulafungin,DWVRRRTL,1,1358,R,Y,1.3053646137242632,0.2826956744320659,0.0676729103550342,1.0,resistant
57,anidulafungin,DWVRRSTL,1,1358,S,Y,-0.6558944840917356,0.3047172501688662,0.2245654777916469,0.0,WT-like
58,anidulafungin,DWVRRVTL,1,1358,V,Y,2.0684994183740404,0.2652401846612775,0.1858855986836562,1.0,resistant
59,anidulafungin,DWVRRY*L,1,1359,*,T,-0.6193583548635608,0.0572626982936143,0.0240226290420254,0.0,WT-like
60,anidulafungin,DWVRRYAL,1,1359,A,T,-0.2680202751705103,0.3507787722306389,0.3413779801165418,0.0,WT-like
61,anidulafungin,DWVRRYCL,1,1359,C,T,-0.702957220884237,0.4002914687865078,0.4133122333161958,0.0,WT-like
62,anidulafungin,DWVRRYIL,1,1359,I,T,-0.886049314069461,0.1053069889841444,0.1602040014764709,0.0,WT-like
63,anidulafungin,DWVRRYKL,1,1359,K,T,-0.6868088516042783,0.0634244460442954,0.113633351854594,0.0,WT-like
64,anidulafungin,DWVRRYLL,1,1359,L,T,-1.0701467032615577,0.2225712193851057,0.2943278994082563,0.0,WT-like
65,anidulafungin,DWVRRYML,1,1359,M,T,-0.6533743935876823,0.1054387591070821,0.0372368032984059,0.0,WT-like
66,anidulafungin,DWVRRYQL,1,1359,Q,T,-0.684913069615672,0.0048293161753523,0.0835912565972968,0.0,WT-like
67,anidulafungin,DWVRRYSL,1,1359,S,T,-0.7857949533178494,0.1686092035123212,0.1014246276114269,0.0,WT-like
68,anidulafungin,DWVRRYT*,1,1360,*,L,-0.8036316694504382,0.0707195942506688,0.1064137565336992,0.0,WT-like
69,anidulafungin,DWVRRYTF,1,1360,F,L,1.847631300327682,0.272617852050284,0.1800643575039138,1.0,resistant
70,anidulafungin,DWVRRYTG,1,1360,G,L,-0.439086944793011,0.1564846955339561,0.0460816213469087,0.0,WT-like
71,anidulafungin,DWVRRYTH,1,1360,H,L,-0.487947321759677,0.2653516742973071,0.0926804264608975,0.0,WT-like
72,anidulafungin,DWVRRYTI,1,1360,I,L,-0.583687769055649,0.1173832858435728,0.0237579428666098,0.0,WT-like
73,anidulafungin,DWVRRYTK,1,1360,K,L,1.885694462426717,0.0578093314013266,0.4754543304225753,1.0,resistant
74,anidulafungin,DWVRRYTL,0,not-applicable,not-applicable,not-applicable,-0.5843104759253923,0.1265950090408706,0.1114052993259346,0.0,WT-like
75,anidulafungin,DWVRRYTM,1,1360,M,L,0.0634656070626408,0.089875283588872,0.1248932000438268,2.0,intermediary
76,anidulafungin,DWVRRYTN,1,1360,N,L,0.4982454364366807,0.1643206701397618,0.0869562066278983,2.0,intermediary
77,anidulafungin,DWVRRYTS,1,1360,S,L,-0.6250957514558446,0.0772168062981137,0.0172814920588475,0.0,WT-like
78,anidulafungin,DWVRRYTT,1,1360,T,L,-0.555607178688962,0.0717623164359966,0.0245113206334138,0.0,WT-like
79,anidulafungin,DWVRRYTW,1,1360,W,L,1.8475832904091047,0.2595945992298065,0.081302200154155,1.0,resistant
80,anidulafungin,DWVRRYTY,1,1360,Y,L,1.946870336413287,0.3802692579580886,0.0233751681427132,1.0,resistant
81,anidulafungin,DWVRRYVL,1,1359,V,T,-0.8148467052615096,0.0837303090680327,0.1738888055261525,0.0,WT-like
82,anidulafungin,DWVRRYWL,1,1359,W,T,-0.6954178194273599,0.1467972417620467,0.2295008880737881,0.0,WT-like
83,anidulafungin,DWVRSYTL,1,1357,S,R,1.1563158734483812,0.308468799136095,0.0735956680829774,1.0,resistant
84,anidulafungin,DWVRTYTL,1,1357,T,R,1.946365452662886,0.3086560963213443,0.2141376573250033,1.0,resistant
85,anidulafungin,DWVRVYTL,1,1357,V,R,1.3358777094943175,0.2809310692166367,0.0224080193207378,1.0,resistant
86,anidulafungin,DWVRWYTL,1,1357,W,R,1.5736994790943504,0.2769362030605165,0.1478350660267391,1.0,resistant
87,anidulafungin,DWVSRYTL,1,1356,S,R,-0.7289472375134151,0.1596734311297059,0.0146994251361713,0.0,WT-like
88,anidulafungin,DWVTRYTL,1,1356,T,R,-0.6943266883625999,0.1424467568915639,0.017622204718744,0.0,WT-like
89,anidulafungin,DWVVRYTL,1,1356,V,R,-0.5515206177957133,0.2145135200039311,0.2701979540434277,0.0,WT-like
90,anidulafungin,DWVWRYTL,1,1356,W,R,-0.8071747926807031,0.0880201592329992,0.2014710222167007,0.0,WT-like
91,anidulafungin,DWVYRYTL,1,1356,Y,R,-0.8874162761331506,0.2352409531885346,0.3587932068240406,0.0,WT-like
92,anidulafungin,DWWRRYTL,1,1355,W,V,-0.4264777430360436,0.3817169666578272,0.1439342280115446,0.0,WT-like
93,anidulafungin,DWYRRYTL,1,1355,Y,V,-0.8639102931920728,0.2584846903734945,0.2251730579704445,0.0,WT-like
94,anidulafungin,DYVRRYTL,1,1354,Y,W,0.2376622546590052,0.0182764024297516,0.4262745247822509,2.0,intermediary
95,anidulafungin,FWVRRYTL,1,1353,F,D,-0.8328353264668837,0.0255675217251852,0.0173044581350194,0.0,WT-like
96,anidulafungin,GWVRRYTL,1,1353,G,D,-0.697276828470401,0.1981737374661254,0.1480257413542189,0.0,WT-like
97,anidulafungin,IWVRRYTL,1,1353,I,D,-0.8679050643280874,0.2857160701716055,0.002201555892585,0.0,WT-like
98,anidulafungin,KWVRRYTL,1,1353,K,D,-0.8995639193155291,0.0641302454470479,0.7414254670914469,0.0,WT-like
99,anidulafungin,LWVRRYTL,1,1353,L,D,-0.7109062545076108,0.0888916453778272,0.0769460777014867,0.0,WT-like
100,anidulafungin,MWVRRYTL,1,1353,M,D,-0.8090302253623298,0.0148220471737136,0.0704248803736721,0.0,WT-like
101,anidulafungin,NWVRRYTL,1,1353,N,D,-0.2644569051131702,0.0210370787105004,0.1643910558302687,0.0,WT-like
102,anidulafungin,PWVRRYTL,1,1353,P,D,-0.9728454254365344,0.0556556828600507,0.0794413832766933,0.0,WT-like
103,anidulafungin,RWVRRYTL,1,1353,R,D,0.4189585717243428,0.1283362534435616,0.0945913394446049,2.0,intermediary
104,anidulafungin,TWVRRYTL,1,1353,T,D,-0.4368191947811327,0.086912580826782,0.1621384428470482,0.0,WT-like
105,anidulafungin,VWVRRYTL,1,1353,V,D,-0.6805979052171485,0.1169054798816078,0.4849418251204389,0.0,WT-like
106,anidulafungin,YWVRRYTL,1,1353,Y,D,-0.7960873299479174,0.0022342882375726,0.0502003114769565,0.0,WT-like
107,caspofungin,*WVRRYTL,1,1353,*,D,-0.0990266642040071,0.3207219009224811,0.236183201626014,0.0,WT-like
108,caspofungin,AWVRRYTL,1,1353,A,D,0.016632917900506,0.5370236426338192,0.0230331723057933,0.0,WT-like
109,caspofungin,CWVRRYTL,1,1353,C,D,-0.3329117553504901,0.303977829406772,0.3187056955240329,0.0,WT-like
110,caspofungin,DAVRRYTL,1,1354,A,W,-0.2193831213647288,0.2282652338323312,0.5307418218849591,0.0,WT-like
111,caspofungin,DFVRRYTL,1,1354,F,W,0.6217975660261044,0.1438647895491358,0.0771687381171483,2.0,intermediary
112,caspofungin,DGVRRYTL,1,1354,G,W,0.4592103631511866,0.0935141678672746,0.4134035330322962,2.0,intermediary
113,caspofungin,DKVRRYTL,1,1354,K,W,0.0356424406101745,0.3975560079883752,0.0823440425479101,0.0,WT-like
114,caspofungin,DLVRRYTL,1,1354,L,W,1.309335745253696,0.2320576365956643,0.0910025971787369,2.0,intermediary
115,caspofungin,DMVRRYTL,1,1354,M,W,0.2991653404038905,0.2543337436769176,0.1511299392393297,0.0,WT-like
116,caspofungin,DNVRRYTL,1,1354,N,W,-0.0138999898099501,0.5315829436481736,0.0262474407722486,0.0,WT-like
117,caspofungin,DPVRRYTL,1,1354,P,W,-0.0499511232595275,0.2523161836700713,0.1058414903343222,0.0,WT-like
118,caspofungin,DRVRRYTL,1,1354,R,W,1.600788854809176,0.0070305033259998,0.1535998933152074,2.0,intermediary
119,caspofungin,DSVRRYTL,1,1354,S,W,-0.0705770337349056,0.4147317044447577,0.0665615823797906,0.0,WT-like
120,caspofungin,DTVRRYTL,1,1354,T,W,1.370309626297968,0.2978768336994717,0.2258863337641847,2.0,intermediary
121,caspofungin,DWFRRYTL,1,1355,F,V,-0.0895373255988951,0.294414649232535,0.1256900417343064,0.0,WT-like
122,caspofungin,DWGRRYTL,1,1355,G,V,0.0840914501428635,0.4429192090111116,0.2408614655733972,0.0,WT-like
123,caspofungin,DWIRRYTL,1,1355,I,V,-0.2108667161158433,0.114692849547694,0.3957832589488573,0.0,WT-like
124,caspofungin,DWKRRYTL,1,1355,K,V,0.021583744811811,0.6548872701949047,0.1043866962193876,0.0,WT-like
125,caspofungin,DWLRRYTL,1,1355,L,V,-0.2788804521631218,0.1379640767455313,0.1844901311772952,0.0,WT-like
126,caspofungin,DWMRRYTL,1,1355,M,V,-0.3970648833280463,0.0773671000391504,0.3797781398622232,0.0,WT-like
127,caspofungin,DWNRRYTL,1,1355,N,V,0.057592357844147,0.9501859338042866,0.3718780654258535,0.0,WT-like
128,caspofungin,DWPRRYTL,1,1355,P,V,2.8296699395615184,0.0522455427178965,0.1882451215948788,1.0,resistant
129,caspofungin,DWQRRYTL,1,1355,Q,V,0.0017941121662541,0.6825883713198763,0.0308931528206562,0.0,WT-like
130,caspofungin,DWRRRYTL,1,1355,R,V,0.1583974769577518,0.5148434168148424,0.1734738559858358,0.0,WT-like
131,caspofungin,DWSRRYTL,1,1355,S,V,-0.6335421907152994,0.2737239035751022,0.4817965893912979,0.0,WT-like
132,caspofungin,DWTRRYTL,1,1355,T,V,-0.3821392961849545,0.1413113985426616,0.4516063640644705,0.0,WT-like
133,caspofungin,DWV*RYTL,1,1356,*,R,-0.0207810271440391,0.2889749548854037,0.1382898643920314,0.0,WT-like
134,caspofungin,DWVARYTL,1,1356,A,R,-0.227432404180327,0.0174424090821574,0.594423469284267,0.0,WT-like
135,caspofungin,DWVCRYTL,1,1356,C,R,-0.364790148581821,0.0376712495841945,0.3652330791831075,0.0,WT-like
136,caspofungin,DWVDRYTL,1,1356,D,R,-0.2604314008717763,0.5411012367040198,0.5901455079546085,0.0,WT-like
137,caspofungin,DWVERYTL,1,1356,E,R,0.0698983408941156,0.3462265578879269,0.2031930918360149,0.0,WT-like
138,caspofungin,DWVIRYTL,1,1356,I,R,-0.262405226065211,0.1422374855030405,0.1949316063889423,0.0,WT-like
139,caspofungin,DWVKRYTL,1,1356,K,R,-0.0837992178320703,0.2873921809555452,0.1667294943963562,0.0,WT-like
140,caspofungin,DWVLRYTL,1,1356,L,R,-0.5060522478489436,0.0460025886736917,0.0749710414689768,0.0,WT-like
141,caspofungin,DWVMRYTL,1,1356,M,R,0.0392835726353844,0.514420562719982,0.0825110368878603,0.0,WT-like
142,caspofungin,DWVPRYTL,1,1356,P,R,-0.3076838071765004,0.1991301873526254,0.0897476703766797,0.0,WT-like
143,caspofungin,DWVR*YTL,1,1357,*,R,0.0119506878021173,0.2886998227333502,0.1188626366895495,0.0,WT-like
144,caspofungin,DWVRCYTL,1,1357,C,R,2.5565354502657542,0.0257645820969556,0.2186958429177905,1.0,resistant
145,caspofungin,DWVRFYTL,1,1357,F,R,3.118881013809057,0.12574684786955,0.1873360855012364,1.0,resistant
146,caspofungin,DWVRHYTL,1,1357,H,R,2.7769825744104484,0.0468965725903363,0.2050411124275371,1.0,resistant
147,caspofungin,DWVRIYTL,1,1357,I,R,-0.0825082132364809,0.210994149169869,0.2357082280494848,0.0,WT-like
148,caspofungin,DWVRKYTL,1,1357,K,R,0.0861984887113833,0.5169785053137772,0.0645366057159165,0.0,WT-like
149,caspofungin,DWVRLYTL,1,1357,L,R,0.8244033907163324,0.3704404511561057,0.0328053964679826,2.0,intermediary
150,caspofungin,DWVRMYTL,1,1357,M,R,2.8038858525636234,0.1385448609307369,0.1448871534288187,1.0,resistant
151,caspofungin,DWVRNYTL,1,1357,N,R,2.4177361985608954,0.0292172390508964,0.23791483306776,1.0,resistant
152,caspofungin,DWVRPYTL,1,1357,P,R,0.1943659109472623,0.1870791578998363,0.235953963911651,0.0,WT-like
153,caspofungin,DWVRQYTL,1,1357,Q,R,2.872509069935541,0.0708041185484034,0.1870374732523254,1.0,resistant
154,caspofungin,DWVRR*TL,1,1358,*,Y,-0.1364743737307867,0.3080376857728885,0.2372171655190245,0.0,WT-like
155,caspofungin,DWVRRATL,1,1358,A,Y,0.0184903313816877,0.344854592847217,0.0873426080123031,0.0,WT-like
156,caspofungin,DWVRRCTL,1,1358,C,Y,-0.0243236384724006,0.3666398916955671,0.1700199514479727,0.0,WT-like
157,caspofungin,DWVRRETL,1,1358,E,Y,0.8040570071866486,0.2141203141772868,0.0760479737810667,2.0,intermediary
158,caspofungin,DWVRRGTL,1,1358,G,Y,-0.395617207219938,0.0764310136902124,0.1174014644584352,0.0,WT-like
159,caspofungin,DWVRRITL,1,1358,I,Y,3.095576557096992,0.0676921486426604,0.2402420169552983,1.0,resistant
160,caspofungin,DWVRRLTL,1,1358,L,Y,0.4474583754322223,0.3754430673628585,0.0059650969774162,2.0,intermediary
161,caspofungin,DWVRRMTL,1,1358,M,Y,0.8469451577033393,0.3155592537404335,0.0465028665339828,2.0,intermediary
162,caspofungin,DWVRRNTL,1,1358,N,Y,0.573345735029585,0.1668770580101228,0.1218954849652581,2.0,intermediary
163,caspofungin,DWVRRRTL,1,1358,R,Y,2.302295098481449,0.0075979727678023,0.2281078686404765,1.0,resistant
164,caspofungin,DWVRRSTL,1,1358,S,Y,0.0368100900026133,0.2188125815679927,0.3483822527953495,0.0,WT-like
165,caspofungin,DWVRRVTL,1,1358,V,Y,3.054521814828109,0.1012873243681511,0.1521333751809419,1.0,resistant
166,caspofungin,DWVRRY*L,1,1359,*,T,0.0179341656271272,0.2487548588482273,0.0934619584257048,0.0,WT-like
167,caspofungin,DWVRRYAL,1,1359,A,T,0.2991052118547035,1.5339638801845488,0.198956207605616,0.0,WT-like
168,caspofungin,DWVRRYCL,1,1359,C,T,0.4222515169951371,1.4352567806095362,0.3010383270655745,2.0,intermediary
169,caspofungin,DWVRRYIL,1,1359,I,T,-0.2417592234891106,0.4730428086729696,0.1042888394502768,0.0,WT-like
170,caspofungin,DWVRRYKL,1,1359,K,T,-0.0774104958933146,0.3219895817874076,0.2079870522115433,0.0,WT-like
171,caspofungin,DWVRRYLL,1,1359,L,T,-0.078658351224788,0.7324896989920083,0.0468758993545967,0.0,WT-like
172,caspofungin,DWVRRYML,1,1359,M,T,0.0919886829451468,0.4276170625341912,0.0939961074072885,0.0,WT-like
173,caspofungin,DWVRRYQL,1,1359,Q,T,-0.0742640333722326,0.4335785819630379,0.1407146808537249,0.0,WT-like
174,caspofungin,DWVRRYSL,1,1359,S,T,-0.2319427749311596,0.257579573543277,0.2575817292612077,0.0,WT-like
175,caspofungin,DWVRRYT*,1,1360,*,L,0.0086991545869388,0.292831290442964,0.022017727241526,0.0,WT-like
176,caspofungin,DWVRRYTF,1,1360,F,L,-0.0637482113368304,0.3186644305319151,0.0874301045741296,0.0,WT-like
177,caspofungin,DWVRRYTG,1,1360,G,L,1.8942871565199992,0.0193573568443665,0.1894229051101394,2.0,intermediary
178,caspofungin,DWVRRYTH,1,1360,H,L,1.9390213891655503,0.0972123531904141,0.1227137715091419,2.0,intermediary
179,caspofungin,DWVRRYTI,1,1360,I,L,-0.3090217394256338,0.0771770841706958,0.1442182322130709,0.0,WT-like
180,caspofungin,DWVRRYTK,1,1360,K,L,3.2212435334304885,0.0798169260796046,0.0070628877062057,1.0,resistant
181,caspofungin,DWVRRYTL,0,not-applicable,not-applicable,not-applicable,-0.2192151920251384,0.1166990399201064,0.1597490953399584,0.0,WT-like
182,caspofungin,DWVRRYTM,1,1360,M,L,-0.2097060488007851,0.3133392117465098,0.1476144353410758,0.0,WT-like
183,caspofungin,DWVRRYTN,1,1360,N,L,1.7881497603417518,0.0872616351282578,0.1803981353670183,2.0,intermediary
184,caspofungin,DWVRRYTS,1,1360,S,L,0.0266693450368857,0.3304826982928208,0.1082353932110533,0.0,WT-like
185,caspofungin,DWVRRYTT,1,1360,T,L,-0.3228275859238148,0.8416985136235455,0.6030391344799905,0.0,WT-like
186,caspofungin,DWVRRYTW,1,1360,W,L,2.468926896743484,0.1344258843725483,0.1149583279357755,1.0,resistant
187,caspofungin,DWVRRYTY,1,1360,Y,L,-0.049291665787595,0.2515062607640242,0.213150171861936,0.0,WT-like
188,caspofungin,DWVRRYVL,1,1359,V,T,-0.3605876014011575,0.2322160708534073,0.1216527243227746,0.0,WT-like
189,caspofungin,DWVRRYWL,1,1359,W,T,-0.3444113396677777,0.2550559580265937,0.4807879411878388,0.0,WT-like
190,caspofungin,DWVRSYTL,1,1357,S,R,2.220860076320048,0.0584575055928855,0.2441873115534343,1.0,resistant
191,caspofungin,DWVRTYTL,1,1357,T,R,2.7069218134489423,0.0126499219370197,0.1627649174678018,1.0,resistant
192,caspofungin,DWVRVYTL,1,1357,V,R,0.3848632141099686,0.3047792692645678,0.0198810550620229,0.0,WT-like
193,caspofungin,DWVRWYTL,1,1357,W,R,2.7338436894668163,0.0421116007872859,0.2257440525222449,1.0,resistant
194,caspofungin,DWVSRYTL,1,1356,S,R,-0.0388173037583891,0.1579832048734584,0.0765143065444126,0.0,WT-like
195,caspofungin,DWVTRYTL,1,1356,T,R,0.0408951409298374,0.4131035803248487,0.0492557270773001,0.0,WT-like
196,caspofungin,DWVVRYTL,1,1356,V,R,-0.4108692256582473,0.0496686545820859,0.4729334873209829,0.0,WT-like
197,caspofungin,DWVWRYTL,1,1356,W,R,-0.2199608898177025,0.1883136780984607,0.0846512003198939,0.0,WT-like
198,caspofungin,DWVYRYTL,1,1356,Y,R,-0.126274445829102,0.0863370034950454,0.3107942602701607,0.0,WT-like
199,caspofungin,DWWRRYTL,1,1355,W,V,-0.2552336154710037,0.4194877507376622,1.240607223842951,0.0,WT-like
200,caspofungin,DWYRRYTL,1,1355,Y,V,-0.0544338319259267,0.0858834058512941,0.1501389851365684,0.0,WT-like
201,caspofungin,DYVRRYTL,1,1354,Y,W,-0.3394420220047609,0.5703513141174599,1.276924184224582,0.0,WT-like
202,caspofungin,FWVRRYTL,1,1353,F,D,-0.1727045834484555,0.304986235609891,0.0633650623205871,0.0,WT-like
203,caspofungin,GWVRRYTL,1,1353,G,D,-0.1597186816841052,0.320342103605331,0.1415563902672694,0.0,WT-like
204,caspofungin,IWVRRYTL,1,1353,I,D,-0.6269770301482811,0.0937279074453648,0.5798449286608935,0.0,WT-like
205,caspofungin,KWVRRYTL,1,1353,K,D,0.4114994330204748,0.4724054607639581,0.1144965134919823,2.0,intermediary
206,caspofungin,LWVRRYTL,1,1353,L,D,-0.1551503269810648,0.4523136232207938,0.1125727843168653,0.0,WT-like
207,caspofungin,MWVRRYTL,1,1353,M,D,-0.3288286838534999,0.0552292335100678,0.1005865326677439,0.0,WT-like
208,caspofungin,NWVRRYTL,1,1353,N,D,-0.053857535112701,0.1920378862178247,0.1079206192062156,0.0,WT-like
209,caspofungin,PWVRRYTL,1,1353,P,D,-0.4255466658956754,0.056010403955939,0.3375639276111641,0.0,WT-like
210,caspofungin,RWVRRYTL,1,1353,R,D,-0.1050393576385895,0.2872324657837437,0.235663588596733,0.0,WT-like
211,caspofungin,TWVRRYTL,1,1353,T,D,-0.1069077292330192,0.1415367288350608,0.1653864517714729,0.0,WT-like
212,caspofungin,VWVRRYTL,1,1353,V,D,-0.0228059528460216,1.6991569799951587,0.2457637241685992,0.0,WT-like
213,caspofungin,YWVRRYTL,1,1353,Y,D,-0.2429276324215947,0.3271132435102299,0.0761714795743843,0.0,WT-like
214,micafungin,*WVRRYTL,1,1353,*,D,-0.3310141736924781,0.0144779358317467,0.4581900459000118,0.0,WT-like
215,micafungin,AWVRRYTL,1,1353,A,D,-0.4808777496205296,0.0059149314562569,0.0311673810876688,0.0,WT-like
216,micafungin,CWVRRYTL,1,1353,C,D,-0.5796438233535957,0.1339329468020247,0.7199136775310611,0.0,WT-like
217,micafungin,DAVRRYTL,1,1354,A,W,-0.2935604004950947,0.2978902671014276,0.2222416295096294,0.0,WT-like
218,micafungin,DFVRRYTL,1,1354,F,W,-0.1203506467893735,0.2840811716938012,0.275068460878025,0.0,WT-like
219,micafungin,DGVRRYTL,1,1354,G,W,-0.0281346221624823,0.0904748710704284,0.5110540727510686,0.0,WT-like
220,micafungin,DKVRRYTL,1,1354,K,W,-0.2877153803901355,0.2638824554845683,0.1351377585538726,0.0,WT-like
221,micafungin,DLVRRYTL,1,1354,L,W,-0.110405144827183,0.1254521099770233,0.2958041256036864,0.0,WT-like
222,micafungin,DMVRRYTL,1,1354,M,W,-0.258421222286713,0.1306722644231791,0.1785966583902136,0.0,WT-like
223,micafungin,DNVRRYTL,1,1354,N,W,-0.3896935430559014,0.0572335630820261,0.1984885052374493,0.0,WT-like
224,micafungin,DPVRRYTL,1,1354,P,W,-0.3317019577037099,0.1432957937753036,0.2096743649209514,0.0,WT-like
225,micafungin,DRVRRYTL,1,1354,R,W,1.50456658411683,0.2062524824719211,0.0126260958558774,1.0,resistant
226,micafungin,DSVRRYTL,1,1354,S,W,-0.2971482742434974,0.2337405357630593,0.3800660657010102,0.0,WT-like
227,micafungin,DTVRRYTL,1,1354,T,W,0.399700110873135,0.0526272990931512,0.0156336400194861,2.0,intermediary
228,micafungin,DWFRRYTL,1,1355,F,V,-0.4811532176167359,0.0479856908165754,0.1502297839208413,0.0,WT-like
229,micafungin,DWGRRYTL,1,1355,G,V,-0.4447463664284619,0.1188510456402962,0.1558943522629851,0.0,WT-like
230,micafungin,DWIRRYTL,1,1355,I,V,-0.3586023158844598,0.2035564203439356,0.4355927187610683,0.0,WT-like
231,micafungin,DWKRRYTL,1,1355,K,V,-0.5500365169826409,0.3892398917187309,0.0917404369215426,0.0,WT-like
232,micafungin,DWLRRYTL,1,1355,L,V,-0.5549447856717176,0.1565505621249013,0.248474455197924,0.0,WT-like
233,micafungin,DWMRRYTL,1,1355,M,V,-0.4812297036544366,0.1158670045054105,0.1455877956457197,0.0,WT-like
234,micafungin,DWNRRYTL,1,1355,N,V,-0.6112593288833741,0.0486792728842542,0.2290803956871008,0.0,WT-like
235,micafungin,DWPRRYTL,1,1355,P,V,2.6315113941031054,0.0937370414621892,0.2595727605897417,1.0,resistant
236,micafungin,DWQRRYTL,1,1355,Q,V,-0.2259200839011481,0.3748991983816108,0.0179740343761323,0.0,WT-like
237,micafungin,DWRRRYTL,1,1355,R,V,-0.4364482957079496,0.299120019010461,0.5729075124384966,0.0,WT-like
238,micafungin,DWSRRYTL,1,1355,S,V,-0.646853752597067,0.1094133845202157,0.3952601250095693,0.0,WT-like
239,micafungin,DWTRRYTL,1,1355,T,V,-0.2336647575207622,0.3249054765916745,0.077891787861242,0.0,WT-like
240,micafungin,DWV*RYTL,1,1356,*,R,-0.1667778525096626,0.0947698019795998,0.2168578070724776,0.0,WT-like
241,micafungin,DWVARYTL,1,1356,A,R,-0.3526896349831838,0.1044426528519841,0.0534292730803925,0.0,WT-like
242,micafungin,DWVCRYTL,1,1356,C,R,-0.1762942375468297,0.335611251225687,0.0209876027142353,0.0,WT-like
243,micafungin,DWVDRYTL,1,1356,D,R,-0.1233713285523323,0.5828488200772614,0.0060291093782208,0.0,WT-like
244,micafungin,DWVERYTL,1,1356,E,R,-0.2615063621156746,0.1558355011856785,0.0544110850124003,0.0,WT-like
245,micafungin,DWVIRYTL,1,1356,I,R,-0.2746374808060903,0.0739819426426837,0.2824829948669032,0.0,WT-like
246,micafungin,DWVKRYTL,1,1356,K,R,-0.2084578485083323,0.0612799870429107,0.1572835539027054,0.0,WT-like
247,micafungin,DWVLRYTL,1,1356,L,R,-0.3369356633397893,0.1164409545475517,0.0787984135268,0.0,WT-like
248,micafungin,DWVMRYTL,1,1356,M,R,-0.3624842716145287,0.1606971182964551,0.0771429740249427,0.0,WT-like
249,micafungin,DWVPRYTL,1,1356,P,R,-0.3229838436749539,0.2150597750885379,0.1213216228499883,0.0,WT-like
250,micafungin,DWVR*YTL,1,1357,*,R,-0.2521498273792617,0.0228927945114854,0.2884618855563721,0.0,WT-like
251,micafungin,DWVRCYTL,1,1357,C,R,2.024417070867622,0.0022404240507327,0.258537485347694,1.0,resistant
252,micafungin,DWVRFYTL,1,1357,F,R,2.8421859070386053,0.0855440101323012,0.3083546890636368,1.0,resistant
253,micafungin,DWVRHYTL,1,1357,H,R,2.2209397738486643,0.0753944325090589,0.2439340598227044,1.0,resistant
254,micafungin,DWVRIYTL,1,1357,I,R,-0.2955394613918523,0.1567103816395581,0.331393415369115,0.0,WT-like
255,micafungin,DWVRKYTL,1,1357,K,R,-0.3953690247117736,0.0966371731825452,0.2243272932809648,0.0,WT-like
256,micafungin,DWVRLYTL,1,1357,L,R,0.0989539886548768,0.0506268571191492,0.2847817005013147,2.0,intermediary
257,micafungin,DWVRMYTL,1,1357,M,R,2.8942757981918525,0.2102537044121168,0.217925928903397,1.0,resistant
258,micafungin,DWVRNYTL,1,1357,N,R,2.262222419567204,0.0344633515616079,0.3033724492065328,1.0,resistant
259,micafungin,DWVRPYTL,1,1357,P,R,-0.4602895736195372,0.0355327478112588,0.3038408602854244,0.0,WT-like
260,micafungin,DWVRQYTL,1,1357,Q,R,2.806181527898304,0.1627731974043489,0.2344258280163642,1.0,resistant
261,micafungin,DWVRR*TL,1,1358,*,Y,-0.1603227935123103,0.2734391523267249,0.3123319919553426,0.0,WT-like
262,micafungin,DWVRRATL,1,1358,A,Y,-0.5117403172812887,0.0118008268242206,0.4141895118156283,0.0,WT-like
263,micafungin,DWVRRCTL,1,1358,C,Y,-0.1937811718602866,0.0804514183887292,0.1823226376152564,0.0,WT-like
264,micafungin,DWVRRETL,1,1358,E,Y,-0.2052572693392111,0.1404515340231678,0.1937507887671157,0.0,WT-like
265,micafungin,DWVRRGTL,1,1358,G,Y,-0.2270793689527175,0.5083497628581991,0.1179780038972694,0.0,WT-like
266,micafungin,DWVRRITL,1,1358,I,Y,1.2349056837555288,0.0609727223760159,0.3079048229837209,2.0,intermediary
267,micafungin,DWVRRLTL,1,1358,L,Y,-0.2300365289026855,0.0190065613508113,0.0663537227002896,0.0,WT-like
268,micafungin,DWVRRMTL,1,1358,M,Y,-0.4280027803410366,0.0912860809038762,0.3721042214104968,0.0,WT-like
269,micafungin,DWVRRNTL,1,1358,N,Y,-0.2551887832420776,0.1408370098591718,0.2442343312134529,0.0,WT-like
270,micafungin,DWVRRRTL,1,1358,R,Y,1.943117130284873,0.097557901766679,0.2611536604336648,1.0,resistant
271,micafungin,DWVRRSTL,1,1358,S,Y,-0.1949605102408005,0.3218439873336369,0.0101154657037352,0.0,WT-like
272,micafungin,DWVRRVTL,1,1358,V,Y,0.0567702145662427,0.0537805788721355,0.0913225606639682,0.0,WT-like
273,micafungin,DWVRRY*L,1,1359,*,T,-0.2547977084970638,0.0603749463541463,0.3387305584146252,0.0,WT-like
274,micafungin,DWVRRYAL,1,1359,A,T,-1.168003120960879,0.0158367897853406,0.9301922210050384,2.0,intermediary
275,micafungin,DWVRRYCL,1,1359,C,T,-0.3551668214292085,0.5644557176119409,0.5776272427995324,0.0,WT-like
276,micafungin,DWVRRYIL,1,1359,I,T,-0.5074555443363258,0.0024014166930551,0.0236817523841884,0.0,WT-like
277,micafungin,DWVRRYKL,1,1359,K,T,-0.3972341771640628,0.1422506690436686,0.2430762888124858,0.0,WT-like
278,micafungin,DWVRRYLL,1,1359,L,T,-0.4273362027854885,0.3278496368893249,0.0603218766769192,0.0,WT-like
279,micafungin,DWVRRYML,1,1359,M,T,-0.1564967650249991,0.0125578194564655,0.2833875381944933,0.0,WT-like
280,micafungin,DWVRRYQL,1,1359,Q,T,-0.479646119007314,0.1540388223595369,0.2475265257886375,0.0,WT-like
281,micafungin,DWVRRYSL,1,1359,S,T,-0.5588772295895064,0.1085806312752953,0.1232075426603528,0.0,WT-like
282,micafungin,DWVRRYT*,1,1360,*,L,-0.1738488440404275,0.1039067792324117,0.2723459754348692,0.0,WT-like
283,micafungin,DWVRRYTF,1,1360,F,L,0.1997244861474674,0.0023700798826547,0.2902215333792009,2.0,intermediary
284,micafungin,DWVRRYTG,1,1360,G,L,-0.4028121307926759,0.4350916301965301,0.2372840635658625,0.0,WT-like
285,micafungin,DWVRRYTH,1,1360,H,L,-0.377440843812509,0.0494969269816141,0.3258538225654224,0.0,WT-like
286,micafungin,DWVRRYTI,1,1360,I,L,-0.5748994606284912,0.0755050181459167,0.1850110963658384,0.0,WT-like
287,micafungin,DWVRRYTK,1,1360,K,L,2.830291774653981,7.346130727459155e-05,0.0193617267991754,1.0,resistant
288,micafungin,DWVRRYTL,0,not-applicable,not-applicable,not-applicable,-0.2473077435802462,0.1789913601441925,0.0448103951730008,0.0,WT-like
289,micafungin,DWVRRYTM,1,1360,M,L,-0.3623217367580593,0.2716057323219402,0.1271555795187585,0.0,WT-like
290,micafungin,DWVRRYTN,1,1360,N,L,-0.2612645565908715,0.0130701671119638,0.2582532272865436,0.0,WT-like
291,micafungin,DWVRRYTS,1,1360,S,L,-0.1826272462438798,0.0367698752683595,0.3258029012579894,0.0,WT-like
292,micafungin,DWVRRYTT,1,1360,T,L,-0.2069908253104808,0.1223897319119735,0.2992653572337139,0.0,WT-like
293,micafungin,DWVRRYTW,1,1360,W,L,1.9608139712742867,0.0944050469570816,0.2269483218533579,1.0,resistant
294,micafungin,DWVRRYTY,1,1360,Y,L,0.8961879628379678,0.1929469305532595,0.2436144349844639,2.0,intermediary
295,micafungin,DWVRRYVL,1,1359,V,T,-0.5537604486365348,0.3414047253751531,0.3432074180035673,0.0,WT-like
296,micafungin,DWVRRYWL,1,1359,W,T,-0.2599143947391629,0.0077873331077598,0.1198613120547033,0.0,WT-like
297,micafungin,DWVRSYTL,1,1357,S,R,2.063060830100966,0.0044078368012825,0.3405073057493601,1.0,resistant
298,micafungin,DWVRTYTL,1,1357,T,R,2.3728861861002883,0.0197680416036902,0.2921612095403239,1.0,resistant
299,micafungin,DWVRVYTL,1,1357,V,R,-0.2207765577286031,0.0387368490881055,0.1952706640938635,0.0,WT-like
300,micafungin,DWVRWYTL,1,1357,W,R,2.593724873702401,0.0499771106250483,0.2935263093126958,1.0,resistant
301,micafungin,DWVSRYTL,1,1356,S,R,-0.2447342837913924,0.0620340422802083,0.2860231785718155,0.0,WT-like
302,micafungin,DWVTRYTL,1,1356,T,R,-0.2480678286665768,0.1329145068578603,0.1914549524379046,0.0,WT-like
303,micafungin,DWVVRYTL,1,1356,V,R,-0.5793798175509892,0.0261209795570608,0.3460601980387503,0.0,WT-like
304,micafungin,DWVWRYTL,1,1356,W,R,-0.4434378099447504,0.0300661752953991,0.0421217501774016,0.0,WT-like
305,micafungin,DWVYRYTL,1,1356,Y,R,-0.2781874638716843,0.0377739544898709,0.2655245374030501,0.0,WT-like
306,micafungin,DWWRRYTL,1,1355,W,V,-0.6186288699830855,0.1374398381818842,1.1250085395677591,0.0,WT-like
307,micafungin,DWYRRYTL,1,1355,Y,V,-0.3851007141760194,0.4890708722944795,0.7799709350921418,0.0,WT-like
308,micafungin,DYVRRYTL,1,1354,Y,W,-0.063055198670807,0.2060651026136287,0.4610582755308455,0.0,WT-like
309,micafungin,FWVRRYTL,1,1353,F,D,-0.3362876556501379,0.2316772801074381,0.036026773372925,0.0,WT-like
310,micafungin,GWVRRYTL,1,1353,G,D,-0.6395016348938527,0.0088539001392001,0.5583279059181046,0.0,WT-like
311,micafungin,IWVRRYTL,1,1353,I,D,-0.6159099553056411,0.1177412299535078,0.3728018774785212,0.0,WT-like
312,micafungin,KWVRRYTL,1,1353,K,D,0.2108466962334723,0.9955769625282376,0.0937342363142887,2.0,intermediary
313,micafungin,LWVRRYTL,1,1353,L,D,-0.508756228051072,0.1430472687983925,0.2794078822803745,0.0,WT-like
314,micafungin,MWVRRYTL,1,1353,M,D,-0.4522725156518785,0.0040438613344052,0.1373969293557692,0.0,WT-like
315,micafungin,NWVRRYTL,1,1353,N,D,-0.228756785024353,0.0923411500820243,0.2544714990228973,0.0,WT-like
316,micafungin,PWVRRYTL,1,1353,P,D,-0.6372617052522684,0.0047198142473122,0.4647984039505192,0.0,WT-like
317,micafungin,RWVRRYTL,1,1353,R,D,-0.5060125736891068,0.1988478311915243,0.2085536851190593,0.0,WT-like
318,micafungin,TWVRRYTL,1,1353,T,D,-0.2669100199116634,0.0764757745606134,0.1691745911513608,0.0,WT-like
319,micafungin,VWVRRYTL,1,1353,V,D,-0.317973224021131,0.105636157445377,0.0877568132343642,0.0,WT-like
320,micafungin,YWVRRYTL,1,1353,Y,D,-0.4428767736761638,0.0700753853934491,0.0668483586573485,0.0,WT-like
321,none,*WVRRYTL,1,1353,*,D,0.11916387043633,0.0216614677676644,0.1127344677472599,2.0,WT-like
322,none,AWVRRYTL,1,1353,A,D,-0.1290157696657338,0.0112598358733087,0.2493261767319379,1.0,WT-like
323,none,CWVRRYTL,1,1353,C,D,0.0581743124790546,0.0981861467424694,0.1346578877702263,1.0,WT-like
324,none,DAVRRYTL,1,1354,A,W,0.103139284179867,0.0106210677383407,0.0954516119924068,2.0,WT-like
325,none,DFVRRYTL,1,1354,F,W,0.0123326247117485,0.00299074465849,0.0691857128744089,1.0,WT-like
326,none,DGVRRYTL,1,1354,G,W,-0.0074239829724618,0.0491312859807873,0.0251049885715895,1.0,WT-like
327,none,DKVRRYTL,1,1354,K,W,0.0695969205305172,0.011608759507568,0.0442718279976925,1.0,WT-like
328,none,DLVRRYTL,1,1354,L,W,0.0749485555384985,0.0745098414691512,0.0684367508475457,1.0,WT-like
329,none,DMVRRYTL,1,1354,M,W,0.0725284509517579,0.0192759983979639,0.0963399866410512,1.0,WT-like
330,none,DNVRRYTL,1,1354,N,W,0.0495325756685116,0.0678411925754575,0.0558861037961761,1.0,WT-like
331,none,DPVRRYTL,1,1354,P,W,0.1396406722870817,0.038738954215647,0.0986982995937994,2.0,WT-like
332,none,DRVRRYTL,1,1354,R,W,-0.0546880109586424,0.1976808191723155,0.1107995698461697,1.0,WT-like
333,none,DSVRRYTL,1,1354,S,W,0.0491337443301989,0.0079620969394872,0.1444760698057563,1.0,WT-like
334,none,DTVRRYTL,1,1354,T,W,0.0892609888859162,0.0150542340601251,0.0671769589039797,1.0,WT-like
335,none,DWFRRYTL,1,1355,F,V,0.0320831193049174,0.0272496626831827,0.0291368184523488,1.0,WT-like
336,none,DWGRRYTL,1,1355,G,V,0.0387143751617893,0.004160723841036,0.1478740024606274,1.0,WT-like
337,none,DWIRRYTL,1,1355,I,V,0.0206899241449664,0.0395159384154469,0.082187179707119,1.0,WT-like
338,none,DWKRRYTL,1,1355,K,V,0.0468638790007847,0.0846259340003432,0.0491015543048784,1.0,WT-like
339,none,DWLRRYTL,1,1355,L,V,0.0694416356132639,0.0469474700749046,0.0861629887856935,1.0,WT-like
340,none,DWMRRYTL,1,1355,M,V,-0.0150131549782562,0.0550507945488135,0.1135243983191525,1.0,WT-like
341,none,DWNRRYTL,1,1355,N,V,0.0188123160906853,0.0004654850410121,0.1991375172557236,1.0,WT-like
342,none,DWPRRYTL,1,1355,P,V,0.1603408135178688,0.0586065632011295,0.0959072711333281,2.0,WT-like
343,none,DWQRRYTL,1,1355,Q,V,-0.0941557045489512,0.0119009097897137,0.1642027829910326,1.0,WT-like
344,none,DWRRRYTL,1,1355,R,V,0.0849049523890383,0.1428613400008516,0.2016457433119213,1.0,WT-like
345,none,DWSRRYTL,1,1355,S,V,-0.1510283289777419,0.0392787946978141,0.0986235606777192,1.0,WT-like
346,none,DWTRRYTL,1,1355,T,V,0.0516211455922591,0.1313522121763415,0.0861444141049492,1.0,WT-like
347,none,DWV*RYTL,1,1356,*,R,0.1955141863876019,0.0725931610928602,0.0871515819328022,2.0,WT-like
348,none,DWVARYTL,1,1356,A,R,0.0754467857157468,0.0253627250771448,0.1882714945336733,1.0,WT-like
349,none,DWVCRYTL,1,1356,C,R,0.0630694816992965,0.0429682978494114,0.0096296226882827,1.0,WT-like
350,none,DWVDRYTL,1,1356,D,R,0.0244579052364589,0.044370815098181,0.5054245277206384,1.0,WT-like
351,none,DWVERYTL,1,1356,E,R,0.1086226290734756,0.2049293666267942,0.0210690232494777,2.0,WT-like
352,none,DWVIRYTL,1,1356,I,R,0.1206381035135716,0.0232074203737766,0.0846462734069804,2.0,WT-like
353,none,DWVKRYTL,1,1356,K,R,0.0729711806886715,0.0753012470869852,0.0778741899468818,1.0,WT-like
354,none,DWVLRYTL,1,1356,L,R,0.0128613649550496,0.0518214453178808,0.2208955110893529,1.0,WT-like
355,none,DWVMRYTL,1,1356,M,R,0.0830067260186692,0.0960305740900191,0.095194097326014,1.0,WT-like
356,none,DWVPRYTL,1,1356,P,R,0.0140627980790732,0.011221517312444,0.1858370555190202,1.0,WT-like
357,none,DWVR*YTL,1,1357,*,R,0.1753612835088688,0.0592093911712698,0.1105814989568692,2.0,WT-like
358,none,DWVRCYTL,1,1357,C,R,0.1068950272791771,0.0529725688722389,0.1389413923143694,2.0,WT-like
359,none,DWVRFYTL,1,1357,F,R,0.1224490853215655,0.0596843957727196,0.1254014604952209,2.0,WT-like
360,none,DWVRHYTL,1,1357,H,R,0.1071271617367093,0.0557333947249648,0.119605113623167,2.0,WT-like
361,none,DWVRIYTL,1,1357,I,R,0.0491062789199278,0.0010471856974004,0.1679154209159899,1.0,WT-like
362,none,DWVRKYTL,1,1357,K,R,0.1066914843388443,0.0454407781205433,0.1463175434406872,2.0,WT-like
363,none,DWVRLYTL,1,1357,L,R,0.0305247930937853,0.0557188414655148,0.0930773565706871,1.0,WT-like
364,none,DWVRMYTL,1,1357,M,R,0.0502385168892789,0.0429229991060232,0.1097340725733429,1.0,WT-like
365,none,DWVRNYTL,1,1357,N,R,0.1653492011158977,0.0660588513309954,0.1298111495913558,2.0,WT-like
366,none,DWVRPYTL,1,1357,P,R,0.0463505074070618,0.0676495993731622,0.1297560841531229,1.0,WT-like
367,none,DWVRQYTL,1,1357,Q,R,0.033234344827464,0.0240441113857207,0.0716188700334381,1.0,WT-like
368,none,DWVRR*TL,1,1358,*,Y,0.1923564220304657,0.0653252369672443,0.0722315673600947,2.0,WT-like
369,none,DWVRRATL,1,1358,A,Y,0.0260132677890237,0.0165593862638816,0.1469340084847852,1.0,WT-like
370,none,DWVRRCTL,1,1358,C,Y,0.0730257821217229,0.0457643171537683,0.0913548132791991,1.0,WT-like
371,none,DWVRRETL,1,1358,E,Y,-0.0409325432437953,0.0144591852360368,0.1393912751742692,1.0,WT-like
372,none,DWVRRGTL,1,1358,G,Y,0.1361084231438751,0.1504388071102264,0.0582886370706178,2.0,WT-like
373,none,DWVRRITL,1,1358,I,Y,-0.047917722766141,0.0582488678774614,0.1211619170645675,1.0,WT-like
374,none,DWVRRLTL,1,1358,L,Y,0.0797316498302593,0.0340164034213636,0.1043201851676514,1.0,WT-like
375,none,DWVRRMTL,1,1358,M,Y,0.0427454178881012,0.0216525302254094,0.0955922557976846,1.0,WT-like
376,none,DWVRRNTL,1,1358,N,Y,0.0122321750236127,0.0223928482506113,0.173533076068461,1.0,WT-like
377,none,DWVRRRTL,1,1358,R,Y,-0.0646579235150777,0.0380422937925802,0.0585906127127955,1.0,WT-like
378,none,DWVRRSTL,1,1358,S,Y,0.0591786738631117,0.0089105706631281,0.0804838314594204,1.0,WT-like
379,none,DWVRRVTL,1,1358,V,Y,0.0201409024034948,0.0156020893063259,0.1889000620863937,1.0,WT-like
380,none,DWVRRY*L,1,1359,*,T,0.1667767206846739,0.0472035897399273,0.0881966163499003,2.0,WT-like
381,none,DWVRRYAL,1,1359,A,T,0.0845226942394968,0.068838107582227,0.0507697763456545,1.0,WT-like
382,none,DWVRRYCL,1,1359,C,T,0.0112603443518298,0.0196164524584693,0.1002436395321127,1.0,WT-like
383,none,DWVRRYIL,1,1359,I,T,0.0633207530176825,0.0011165030449319,0.1009694444820855,1.0,WT-like
384,none,DWVRRYKL,1,1359,K,T,0.0732332876907789,0.0189935177987811,0.0548942978066284,1.0,WT-like
385,none,DWVRRYLL,1,1359,L,T,0.0120318132826906,0.0321211671528427,0.0971152214727983,1.0,WT-like
386,none,DWVRRYML,1,1359,M,T,0.1831798223689733,0.0320915724965726,0.0941252774911164,2.0,WT-like
387,none,DWVRRYQL,1,1359,Q,T,0.0470346550520203,0.0240283180321345,0.1191323746630185,1.0,WT-like
388,none,DWVRRYSL,1,1359,S,T,0.0672230066921692,0.0687529358569761,0.0835727608818128,1.0,WT-like
389,none,DWVRRYT*,1,1360,*,L,0.1799925033864016,0.0827159236263849,0.1174581966058213,2.0,WT-like
390,none,DWVRRYTF,1,1360,F,L,0.0347164645742522,0.0034577400137135,0.1716632429348122,1.0,WT-like
391,none,DWVRRYTG,1,1360,G,L,0.0159593995859063,0.0120004031061733,0.1192962731070021,1.0,WT-like
392,none,DWVRRYTH,1,1360,H,L,0.1213455995889451,0.0739770346784738,0.1141902816241402,2.0,WT-like
393,none,DWVRRYTI,1,1360,I,L,0.0648444900132096,0.0471461702688099,0.1301594289082655,1.0,WT-like
394,none,DWVRRYTK,1,1360,K,L,0.0048427360780786,0.1607542193990817,0.1436604151840161,1.0,WT-like
395,none,DWVRRYTL,0,not-applicable,not-applicable,not-applicable,0.0108991178318147,0.0192431432160014,0.1034715818029752,1.0,WT-like
396,none,DWVRRYTM,1,1360,M,L,0.0393263024597398,0.0332874531757197,0.0974055587895571,1.0,WT-like
397,none,DWVRRYTN,1,1360,N,L,0.0234246679666645,0.0236558878552493,0.1565290219762339,1.0,WT-like
398,none,DWVRRYTS,1,1360,S,L,0.2057379204675518,0.0061344284412767,0.1406233849865557,2.0,WT-like
399,none,DWVRRYTT,1,1360,T,L,0.0795010443546467,0.0089378104233244,0.1308497630013473,1.0,WT-like
400,none,DWVRRYTW,1,1360,W,L,0.0906873649526817,0.0065427748005012,0.0794757922129278,1.0,WT-like
401,none,DWVRRYTY,1,1360,Y,L,0.0200257792321976,0.0264906225334625,0.117201884629679,1.0,WT-like
402,none,DWVRRYVL,1,1359,V,T,0.0224713619926003,0.0528031302746632,0.1325025841450241,1.0,WT-like
403,none,DWVRRYWL,1,1359,W,T,0.0369354254321181,0.03250732705506,0.1426891293945614,1.0,WT-like
404,none,DWVRSYTL,1,1357,S,R,0.0321014979128467,0.0522912012533922,0.1001026386955794,1.0,WT-like
405,none,DWVRTYTL,1,1357,T,R,0.1112856386770615,0.0224308153210594,0.1958574990234229,2.0,WT-like
406,none,DWVRVYTL,1,1357,V,R,0.1289646062270479,0.0626758855551554,0.0500728211527639,2.0,WT-like
407,none,DWVRWYTL,1,1357,W,R,0.184441441403616,0.0393295737245902,0.1699587915799709,2.0,WT-like
408,none,DWVSRYTL,1,1356,S,R,0.0975344370358445,0.0317677436375359,0.1475203198177958,1.0,WT-like
409,none,DWVTRYTL,1,1356,T,R,0.1456217237560658,0.0295892206267736,0.1475496771470387,2.0,WT-like
410,none,DWVVRYTL,1,1356,V,R,0.0727408374988337,0.0780449723084238,0.181107625633625,1.0,WT-like
411,none,DWVWRYTL,1,1356,W,R,0.04378962091885,0.0294353442277417,0.1484354099763728,1.0,WT-like
412,none,DWVYRYTL,1,1356,Y,R,0.1176026301593924,0.0258305290520676,0.1198336205025543,2.0,WT-like
413,none,DWWRRYTL,1,1355,W,V,0.1123688357465236,0.0081594956137935,0.0455912518470457,2.0,WT-like
414,none,DWYRRYTL,1,1355,Y,V,0.3085177896222536,0.3685789212058169,0.056702563348508,0.0,WT-like
415,none,DYVRRYTL,1,1354,Y,W,0.040098942359576,0.1623155450386756,0.004811414927285,1.0,WT-like
416,none,FWVRRYTL,1,1353,F,D,0.0571851023572597,0.0389240041710243,0.1039685540712565,1.0,WT-like
417,none,GWVRRYTL,1,1353,G,D,0.0842742702304767,0.0256733190412529,0.0365210128775384,1.0,WT-like
418,none,IWVRRYTL,1,1353,I,D,0.0373086426283621,0.0106956761324457,0.0867199166071732,1.0,WT-like
419,none,KWVRRYTL,1,1353,K,D,0.2034047828151754,0.1646626071933113,0.0842557964203477,2.0,WT-like
420,none,LWVRRYTL,1,1353,L,D,0.0430286697179823,0.0071867987428488,0.1119655807602386,1.0,WT-like
421,none,MWVRRYTL,1,1353,M,D,0.0282322206968402,0.0902261729651434,0.0512735052606231,1.0,WT-like
422,none,NWVRRYTL,1,1353,N,D,0.1429587238067942,0.0684263506924016,0.1092513841820179,2.0,WT-like
423,none,PWVRRYTL,1,1353,P,D,0.061964973436315,0.0132379005054272,0.0832799104454771,1.0,WT-like
424,none,RWVRRYTL,1,1353,R,D,0.0126895628826224,0.0097116260671041,0.1169656224974577,1.0,WT-like
425,none,TWVRRYTL,1,1353,T,D,0.0736171275856797,0.0195486500505,0.0917848103967508,1.0,WT-like
426,none,VWVRRYTL,1,1353,V,D,0.0411672046760951,0.0133377657584381,0.1497779948594987,1.0,WT-like
427,none,YWVRRYTL,1,1353,Y,D,0.1240783002113276,0.0041059093098892,0.1366011885966885,2.0,WT-like
