Unnamed: 0,compound,aa_seq,s,min_s,max_s,label,rclass,refined_class,sensres
0,anidulafungin,*WVRRYTL,-0.544118453984235,0.0744016848258696,0.0341231176695455,0.0,WT-like,WT-like,sensitive
1,anidulafungin,AWVRRYTL,-0.6339983358300996,0.1631903276492008,0.3509027889419384,0.0,WT-like,WT-like,sensitive
2,anidulafungin,CWVRRYTL,-0.5271845371479384,0.089814929232348,0.0994060232530841,0.0,WT-like,WT-like,sensitive
3,anidulafungin,DAVRRYTL,-0.66954193242333,0.2602644558330813,0.1027071579085588,0.0,WT-like,WT-like,sensitive
4,anidulafungin,DFVRRYTL,1.783286230645699,0.33460501802771,0.1021109613560535,1.0,resistant,resistant,resistant
5,anidulafungin,DGVRRYTL,0.0419526029314848,0.4305842753703355,0.2664630192321792,2.0,intermediary,intermediary,resistant
6,anidulafungin,DKVRRYTL,-0.9117285565951844,0.079264278906002,0.4129645486186051,0.0,WT-like,WT-like,sensitive
7,anidulafungin,DLVRRYTL,1.2861772123610162,0.2941723882890827,0.1401167410711519,1.0,resistant,resistant,resistant
8,anidulafungin,DMVRRYTL,0.2135763281724285,0.2536341620917982,0.2176762733085794,2.0,intermediary,intermediary,resistant
9,anidulafungin,DNVRRYTL,-0.8129760806735087,0.2007213076707021,0.1714897353932637,0.0,WT-like,WT-like,sensitive
10,anidulafungin,DPVRRYTL,-0.6668648930369283,0.1038633446930686,0.0293059927547524,0.0,WT-like,WT-like,sensitive
11,anidulafungin,DRVRRYTL,0.801343919509901,0.0308225600201602,0.1851452197745421,2.0,intermediary,intermediary,resistant
12,anidulafungin,DSVRRYTL,-0.4836594852752709,0.252690684170871,0.147835276818736,0.0,WT-like,WT-like,sensitive
13,anidulafungin,DTVRRYTL,1.5980750755131972,0.2710996586696794,0.1902207535976545,1.0,resistant,resistant,resistant
14,anidulafungin,DWFRRYTL,-0.6948207354702405,0.1468425957146856,0.0063789032788936,0.0,WT-like,WT-like,sensitive
15,anidulafungin,DWGRRYTL,-0.9522409945876515,0.6711112712486211,0.3440096024474415,0.0,WT-like,WT-like,sensitive
16,anidulafungin,DWIRRYTL,-0.789292868390099,0.1037350149080459,0.407019652312119,0.0,WT-like,WT-like,sensitive
17,anidulafungin,DWKRRYTL,-0.4881147924677385,0.1405850345374223,0.0959883880906808,0.0,WT-like,WT-like,sensitive
18,anidulafungin,DWLRRYTL,-0.8702810516610029,0.0304794991692726,0.1533663973030274,0.0,WT-like,WT-like,sensitive
19,anidulafungin,DWMRRYTL,-0.9147872981538424,0.0437364048104027,0.3402914298692062,0.0,WT-like,WT-like,sensitive
20,anidulafungin,DWNRRYTL,-0.7792282233302934,0.1947961220845573,0.1350952496067248,0.0,WT-like,WT-like,sensitive
21,anidulafungin,DWPRRYTL,2.322277943648664,0.4943338568518649,0.0055564878124045,1.0,resistant,resistant,resistant
22,anidulafungin,DWQRRYTL,-0.8648203646452393,0.0746474887163183,0.3732732475337293,0.0,WT-like,WT-like,sensitive
23,anidulafungin,DWRRRYTL,-0.5467638145729118,0.2905429856338842,0.4076611517088011,0.0,WT-like,WT-like,sensitive
24,anidulafungin,DWSRRYTL,-0.8365267937369175,0.1695360467523753,0.0819021083425298,0.0,WT-like,WT-like,sensitive
25,anidulafungin,DWTRRYTL,-0.5492185609183922,0.1410902558202101,0.1375412721020279,0.0,WT-like,WT-like,sensitive
26,anidulafungin,DWV*RYTL,-0.6915376355373815,0.04783454327695,0.1943486746818674,0.0,WT-like,WT-like,sensitive
27,anidulafungin,DWVARYTL,-0.8009746332694931,0.1559369025150014,0.3854844599536182,0.0,WT-like,WT-like,sensitive
28,anidulafungin,DWVCRYTL,-0.9321440922552396,0.0085335651823419,0.3518873012106062,0.0,WT-like,WT-like,sensitive
29,anidulafungin,DWVDRYTL,-1.07018092700626,0.0058674627693131,0.2087586691941991,0.0,WT-like,WT-like,sensitive
30,anidulafungin,DWVERYTL,-0.0227285506718839,0.6624349659081522,0.2468713250323942,2.0,intermediary,intermediary,resistant
31,anidulafungin,DWVIRYTL,-0.5613311997796886,0.573999853299964,0.3162498327414752,0.0,WT-like,WT-like,sensitive
32,anidulafungin,DWVKRYTL,-0.8150615095965441,0.0654608991008621,0.1373842252316013,0.0,WT-like,WT-like,sensitive
33,anidulafungin,DWVLRYTL,-0.0767821141542696,0.4070731465095024,0.0423180225481425,2.0,intermediary,intermediary,resistant
34,anidulafungin,DWVMRYTL,-0.8391827610808344,0.0745936694380591,0.2307359707687803,0.0,WT-like,WT-like,sensitive
35,anidulafungin,DWVPRYTL,-0.890639756798383,0.0637239789406797,0.1749432375521538,0.0,WT-like,WT-like,sensitive
36,anidulafungin,DWVR*YTL,-0.6323267990856094,0.2277827387069537,0.1046208474980289,0.0,WT-like,WT-like,sensitive
37,anidulafungin,DWVRCYTL,1.914713075839561,0.4564274018116998,0.0391485725789773,1.0,resistant,resistant,resistant
38,anidulafungin,DWVRFYTL,2.206438488555184,0.4866605828715657,0.0302668649715283,1.0,resistant,resistant,resistant
39,anidulafungin,DWVRHYTL,1.808519165343316,0.4483639867671218,0.0429827670241669,1.0,resistant,resistant,resistant
40,anidulafungin,DWVRIYTL,0.38645212382849,0.2453414644671738,0.1475377868372237,2.0,intermediary,intermediary,resistant
41,anidulafungin,DWVRKYTL,-0.5085828414104379,0.0105429024804485,0.1390861503433954,0.0,WT-like,WT-like,sensitive
42,anidulafungin,DWVRLYTL,1.5562323780845906,0.3101260179820695,0.2256708471392829,1.0,resistant,resistant,resistant
43,anidulafungin,DWVRMYTL,2.174405596796088,0.4062229216210631,0.0338366154931359,1.0,resistant,resistant,resistant
44,anidulafungin,DWVRNYTL,1.552625120278004,0.4206088425761938,0.0325839699657581,1.0,resistant,resistant,resistant
45,anidulafungin,DWVRPYTL,1.641482084992354,0.3589249691266807,0.0912513795035994,1.0,resistant,resistant,resistant
46,anidulafungin,DWVRQYTL,2.1004465621685946,0.4703687815121484,0.0015709973135207,1.0,resistant,resistant,resistant
47,anidulafungin,DWVRR*TL,-0.8381631915221501,0.0063368998467769,0.2579583236886521,0.0,WT-like,WT-like,sensitive
48,anidulafungin,DWVRRATL,-0.6724176743533381,0.0758064802997288,0.0503285589025758,0.0,WT-like,WT-like,sensitive
49,anidulafungin,DWVRRCTL,-0.7262422946252938,0.0803374707020642,0.221398982396072,0.0,WT-like,WT-like,sensitive
50,anidulafungin,DWVRRETL,-0.3541247495666526,0.4268295767017299,0.0440628837617497,0.0,WT-like,WT-like,sensitive
51,anidulafungin,DWVRRGTL,-0.3633385819396479,0.9686182934641612,0.5075926397458219,0.0,WT-like,WT-like,sensitive
52,anidulafungin,DWVRRITL,2.240869312191921,0.4922315586794699,0.012331402736061,1.0,resistant,resistant,resistant
53,anidulafungin,DWVRRLTL,-0.7151411629302384,0.0847271806106655,0.32649807905569,0.0,WT-like,WT-like,sensitive
54,anidulafungin,DWVRRMTL,-0.4235732982574609,0.0542872923121385,0.5376004357974131,0.0,WT-like,WT-like,sensitive
55,anidulafungin,DWVRRNTL,0.4541448534561891,0.1837921959239554,0.1148343303474426,2.0,intermediary,intermediary,resistant
56,anidulafungin,DWVRRRTL,1.3233007553746057,0.3657715246827302,0.1073100907599213,1.0,resistant,resistant,resistant
57,anidulafungin,DWVRRSTL,-0.7262462648067638,0.294220986789536,0.411554585389415,0.0,WT-like,WT-like,sensitive
58,anidulafungin,DWVRRVTL,2.201046954510428,0.4597393493330912,0.0127476534865627,1.0,resistant,resistant,resistant
59,anidulafungin,DWVRRY*L,-0.6464429610915452,0.1000714466020765,0.1536204524042332,0.0,WT-like,WT-like,sensitive
60,anidulafungin,DWVRRYAL,-0.0882317860426638,0.5195770155932968,0.0806704141577659,2.0,intermediary,intermediary,resistant
61,anidulafungin,DWVRRYCL,-0.8227708214291405,0.110990539129105,0.1044851667955185,0.0,WT-like,WT-like,sensitive
62,anidulafungin,DWVRRYIL,-0.9218975856214568,0.1269056777437474,0.314179853543976,0.0,WT-like,WT-like,sensitive
63,anidulafungin,DWVRRYKL,-0.7573858359872758,0.0431992147779594,0.3033038234678045,0.0,WT-like,WT-like,sensitive
64,anidulafungin,DWVRRYLL,-0.9439847946094324,0.3992094790743155,0.1037155464362532,0.0,WT-like,WT-like,sensitive
65,anidulafungin,DWVRRYML,-0.6679092055777931,0.1581377513557862,0.1386761799634784,0.0,WT-like,WT-like,sensitive
66,anidulafungin,DWVRRYQL,-0.7561804987736762,0.0038806646536504,0.2786921858613232,0.0,WT-like,WT-like,sensitive
67,anidulafungin,DWVRRYSL,-0.745367622315077,0.2565679802368196,0.0762594854694037,0.0,WT-like,WT-like,sensitive
68,anidulafungin,DWVRRYT*,-0.8416004113455942,0.084106558119182,0.2631937886351234,0.0,WT-like,WT-like,sensitive
69,anidulafungin,DWVRRYTF,1.979888933933462,0.4650204852058552,0.0064149808073448,1.0,resistant,resistant,resistant
70,anidulafungin,DWVRRYTG,-0.4521295005563808,0.0547284225646684,0.0033302808857211,0.0,WT-like,WT-like,sensitive
71,anidulafungin,DWVRRYTH,-0.5481966574860284,0.2807720745761094,0.2901724537250463,0.0,WT-like,WT-like,sensitive
72,anidulafungin,DWVRRYTI,-0.6243533491487223,0.1558831540829182,0.1739753444340332,0.0,WT-like,WT-like,sensitive
73,anidulafungin,DWVRRYTK,2.003422176343231,0.2446930432617331,0.3143192923475983,1.0,resistant,resistant,resistant
74,anidulafungin,DWVRRYTL,-0.4979372622898514,0.230055984509311,0.050980761547526,0.0,WT-like,WT-like,sensitive
75,anidulafungin,DWVRRYTM,-0.0097088717796613,0.0602446460148408,0.3094115987253611,2.0,intermediary,intermediary,resistant
76,anidulafungin,DWVRRYTN,0.4432997903122735,0.1724962469086583,0.2674950161499426,2.0,intermediary,intermediary,resistant
77,anidulafungin,DWVRRYTS,-0.6859278062098848,0.0892080871818403,0.203387416589987,0.0,WT-like,WT-like,sensitive
78,anidulafungin,DWVRRYTT,-0.6987215250439673,0.1076126085708082,0.1064268604936375,0.0,WT-like,WT-like,sensitive
79,anidulafungin,DWVRRYTW,1.875992118309659,0.3564412899066957,0.0993092770437253,1.0,resistant,resistant,resistant
80,anidulafungin,DWVRRYTY,1.918444198128832,0.4180264653957446,0.151948493809976,1.0,resistant,resistant,resistant
81,anidulafungin,DWVRRYVL,-0.6858277557068386,0.2686463801012732,0.001193193261317,0.0,WT-like,WT-like,sensitive
82,anidulafungin,DWVRRYWL,-0.7370408460029971,0.0411118451240448,0.1951284497067241,0.0,WT-like,WT-like,sensitive
83,anidulafungin,DWVRSYTL,1.1784255995777055,0.3959852101023103,0.1052777247698029,1.0,resistant,resistant,resistant
84,anidulafungin,DWVRTYTL,2.079010737858089,0.4773182167575367,0.0030495631540143,1.0,resistant,resistant,resistant
85,anidulafungin,DWVRVYTL,1.2814325846507033,0.2962142946003371,0.1997076663427026,1.0,resistant,resistant,resistant
86,anidulafungin,DWVRWYTL,1.6750173341024197,0.4390856475628226,0.0302997366156478,1.0,resistant,resistant,resistant
87,anidulafungin,DWVSRYTL,-0.7711125915205248,0.1743049142924163,0.1629220497121507,0.0,WT-like,WT-like,sensitive
88,anidulafungin,DWVTRYTL,-0.7622825820165433,0.134519683471442,0.207616468496395,0.0,WT-like,WT-like,sensitive
89,anidulafungin,DWVVRYTL,-0.418074884600478,0.4136272319006997,0.0920888850365665,0.0,WT-like,WT-like,sensitive
90,anidulafungin,DWVWRYTL,-0.8646856294188738,0.0905108685626143,0.3927161895919911,0.0,WT-like,WT-like,sensitive
91,anidulafungin,DWVYRYTL,-0.9544555974540604,0.009074992313127,0.3361221184835217,0.0,WT-like,WT-like,sensitive
92,anidulafungin,DWWRRYTL,-0.5079129373162174,0.3552344372149659,0.2911632576850398,0.0,WT-like,WT-like,sensitive
93,anidulafungin,DWYRRYTL,-0.7231715379641614,0.4717672868680451,0.5135416233199416,0.0,WT-like,WT-like,sensitive
94,anidulafungin,DYVRRYTL,0.3541778578243771,0.1412515422781942,0.252483724032482,2.0,intermediary,intermediary,resistant
95,anidulafungin,FWVRRYTL,-0.9039458009793446,0.0035775282946077,0.2127930867773312,0.0,WT-like,WT-like,sensitive
96,anidulafungin,GWVRRYTL,-0.7543238068350677,0.2161246942909404,0.3220753566822903,0.0,WT-like,WT-like,sensitive
97,anidulafungin,IWVRRYTL,-0.9465411625827214,0.0601557775973582,0.0100656680402466,0.0,WT-like,WT-like,sensitive
98,anidulafungin,KWVRRYTL,-0.9663036437623976,0.0768362803594413,0.9173064640242484,0.0,WT-like,WT-like,sensitive
99,anidulafungin,LWVRRYTL,-0.7002909613699586,0.1793063516450628,0.1087111960243264,0.0,WT-like,WT-like,sensitive
100,anidulafungin,MWVRRYTL,-0.8103237717302825,0.0339514104445879,0.1175534742431122,0.0,WT-like,WT-like,sensitive
101,anidulafungin,NWVRRYTL,-0.3211432695004121,0.0319790975109133,0.3463408590025663,0.0,WT-like,WT-like,sensitive
102,anidulafungin,PWVRRYTL,-0.9389856560809802,0.1038250970396992,0.0423330719196878,0.0,WT-like,WT-like,sensitive
103,anidulafungin,RWVRRYTL,0.3787803327988541,0.1532243527158857,0.2556338164148344,2.0,intermediary,intermediary,resistant
104,anidulafungin,TWVRRYTL,-0.499499532877524,0.0984575766733147,0.3445658420692308,0.0,WT-like,WT-like,sensitive
105,anidulafungin,VWVRRYTL,-0.6746398959275137,0.0412962531669964,0.4153134145099688,0.0,WT-like,WT-like,sensitive
106,anidulafungin,YWVRRYTL,-0.8146051643611085,0.0404011049097025,0.149845164608832,0.0,WT-like,WT-like,sensitive
107,caspofungin,*WVRRYTL,-0.0933186705823971,0.3122322167173139,0.2126330760379535,0.0,WT-like,WT-like,sensitive
108,caspofungin,AWVRRYTL,-0.0154738634958182,0.4947324334044833,0.026373802425301,0.0,WT-like,WT-like,sensitive
109,caspofungin,CWVRRYTL,-0.2533792681533238,0.3912791546538388,0.2344898258287951,0.0,WT-like,WT-like,sensitive
110,caspofungin,DAVRRYTL,-0.2103928131152508,0.2295734678138272,0.5043909864190399,0.0,WT-like,WT-like,sensitive
111,caspofungin,DFVRRYTL,0.6096944756002545,0.1113662570343263,0.0833138358335071,2.0,intermediary,intermediary,resistant
112,caspofungin,DGVRRYTL,0.4500945664586528,0.0918351042556716,0.5424009567480054,2.0,intermediary,intermediary,resistant
113,caspofungin,DKVRRYTL,0.0494083228745487,0.3897077184124332,0.054854389104592,0.0,WT-like,WT-like,sensitive
114,caspofungin,DLVRRYTL,1.2913602162456153,0.1886915962453805,0.1075934687560156,2.0,intermediary,intermediary,resistant
115,caspofungin,DMVRRYTL,0.286752401791654,0.2280863165075828,0.1566763544688711,0.0,WT-like,WT-like,sensitive
116,caspofungin,DNVRRYTL,-0.0288514812156874,0.5079131568850548,0.023354606552254,0.0,WT-like,WT-like,sensitive
117,caspofungin,DPVRRYTL,-0.0637943319488465,0.2280866947198475,0.1075315315424722,0.0,WT-like,WT-like,sensitive
118,caspofungin,DRVRRYTL,1.590215887677605,0.0402544680968368,0.1323523480657109,2.0,intermediary,intermediary,resistant
119,caspofungin,DSVRRYTL,-0.0446562599663733,0.4140017634177738,0.0188770210497547,0.0,WT-like,WT-like,sensitive
120,caspofungin,DTVRRYTL,1.3705684368081683,0.2946598385735877,0.2049860951626958,2.0,intermediary,intermediary,resistant
121,caspofungin,DWFRRYTL,-0.0915992562740815,0.2513413345657911,0.1367771025600068,0.0,WT-like,WT-like,sensitive
122,caspofungin,DWGRRYTL,0.0695992224403181,0.4343733766169045,0.2304204024174644,0.0,WT-like,WT-like,sensitive
123,caspofungin,DWIRRYTL,-0.2148664023423117,0.1277881252350258,0.3749352955496186,0.0,WT-like,WT-like,sensitive
124,caspofungin,DWKRRYTL,0.0282940792982957,0.6236611925691435,0.0899799318502094,0.0,WT-like,WT-like,sensitive
125,caspofungin,DWLRRYTL,-0.2510535103875657,0.1646576858046478,0.1372023856681941,0.0,WT-like,WT-like,sensitive
126,caspofungin,DWMRRYTL,-0.3791232667141773,0.072563844212057,0.3434346610898607,0.0,WT-like,WT-like,sensitive
127,caspofungin,DWNRRYTL,0.0441960899147966,0.93616097543473,0.3759445131008174,0.0,WT-like,WT-like,sensitive
128,caspofungin,DWPRRYTL,2.843338915146385,0.0769373820424386,0.1620014911765128,1.0,resistant,resistant,resistant
129,caspofungin,DWQRRYTL,-0.0013599993414814,0.6488779191579611,0.0536232618056578,0.0,WT-like,WT-like,sensitive
130,caspofungin,DWRRRYTL,0.1263628698721818,0.4929205165683136,0.2206041480122597,0.0,WT-like,WT-like,sensitive
131,caspofungin,DWSRRYTL,-0.2756141843935737,0.5427371158288706,0.0848470490398051,0.0,WT-like,WT-like,sensitive
132,caspofungin,DWTRRYTL,-0.3449158491135029,0.2026564184397625,0.4122146395241401,0.0,WT-like,WT-like,sensitive
133,caspofungin,DWV*RYTL,-0.0297025972037974,0.2666320668748934,0.1400794806448836,0.0,WT-like,WT-like,sensitive
134,caspofungin,DWVARYTL,-0.2204481199684715,0.0344403717444155,0.5698590147265798,0.0,WT-like,WT-like,sensitive
135,caspofungin,DWVCRYTL,-0.2656145209144402,0.1365231988481856,0.2525525823036443,0.0,WT-like,WT-like,sensitive
136,caspofungin,DWVDRYTL,-0.2811525150088609,0.509626411370978,0.6028496231384666,0.0,WT-like,WT-like,sensitive
137,caspofungin,DWVERYTL,0.0092845565885351,0.3059015921211425,0.2241243269445142,0.0,WT-like,WT-like,sensitive
138,caspofungin,DWVIRYTL,-0.2554683310711689,0.1664530732594684,0.1640437603701549,0.0,WT-like,WT-like,sensitive
139,caspofungin,DWVKRYTL,-0.0913070798020152,0.2748094761349628,0.1716072269418864,0.0,WT-like,WT-like,sensitive
140,caspofungin,DWVLRYTL,-0.5310819841695021,0.0176514563061555,0.0807117032771851,0.0,WT-like,WT-like,sensitive
141,caspofungin,DWVMRYTL,0.0221095158422299,0.492390635119087,0.0772237657016405,0.0,WT-like,WT-like,sensitive
142,caspofungin,DWVPRYTL,-0.325267292679718,0.1736092178871295,0.0921783316517021,0.0,WT-like,WT-like,sensitive
143,caspofungin,DWVR*YTL,0.0082563793934049,0.2726469973822312,0.1134667219763981,0.0,WT-like,WT-like,sensitive
144,caspofungin,DWVRCYTL,2.5701533269548644,0.0408377221083453,0.1969021267725788,1.0,resistant,resistant,resistant
145,caspofungin,DWVRFYTL,3.131612154197408,0.1455469702661087,0.1655807059310645,1.0,resistant,resistant,resistant
146,caspofungin,DWVRHYTL,2.7880910576438387,0.0661978388018416,0.1840336893565664,1.0,resistant,resistant,resistant
147,caspofungin,DWVRIYTL,-0.0745211943140495,0.1976515361107386,0.2324155240659431,0.0,WT-like,WT-like,sensitive
148,caspofungin,DWVRKYTL,0.157527696417993,0.3973476959475269,0.0722088090572043,0.0,WT-like,WT-like,sensitive
149,caspofungin,DWVRLYTL,0.8450867747760084,0.3004736039288083,0.0131460013053937,2.0,intermediary,intermediary,resistant
150,caspofungin,DWVRMYTL,2.815375128199415,0.1494599386880919,0.1256287336653074,1.0,resistant,resistant,resistant
151,caspofungin,DWVRNYTL,2.409142439827796,0.009560790008984,0.2364340842555625,1.0,resistant,intermediary,resistant
152,caspofungin,DWVRPYTL,0.3329113392712373,0.2150224836836697,0.1675476787416798,2.0,intermediary,intermediary,resistant
153,caspofungin,DWVRQYTL,2.884667873468101,0.089762698038653,0.1683953518054259,1.0,resistant,resistant,resistant
154,caspofungin,DWVRR*TL,-0.1369906764578015,0.2802764664246631,0.224699244825296,0.0,WT-like,WT-like,sensitive
155,caspofungin,DWVRRATL,0.0026332909754867,0.3242023996055167,0.1067320083037153,0.0,WT-like,WT-like,sensitive
156,caspofungin,DWVRRCTL,-0.0070484770858971,0.3785499285177742,0.1578166353583689,0.0,WT-like,WT-like,sensitive
157,caspofungin,DWVRRETL,0.8008247534380037,0.1992894330201813,0.0692502911511735,2.0,intermediary,intermediary,resistant
158,caspofungin,DWVRRGTL,-0.3832069262696107,0.095201723839444,0.0969516906977122,0.0,WT-like,WT-like,sensitive
159,caspofungin,DWVRRITL,3.111354659916782,0.1018381500864928,0.2279675733854205,1.0,resistant,resistant,resistant
160,caspofungin,DWVRRLTL,0.4380463695047496,0.341626449997929,0.011445787106208,2.0,intermediary,intermediary,resistant
161,caspofungin,DWVRRMTL,0.8389316242584341,0.2878321378667831,0.0478466094547763,2.0,intermediary,intermediary,resistant
162,caspofungin,DWVRRNTL,0.5853739376488933,0.1683655960418444,0.1110229043811533,2.0,intermediary,intermediary,resistant
163,caspofungin,DWVRRRTL,2.3158149094774005,0.0270346094644615,0.2043809961857343,1.0,resistant,intermediary,resistant
164,caspofungin,DWVRRSTL,0.0401115721299634,0.2139320508924992,0.3475189255205915,0.0,WT-like,WT-like,sensitive
165,caspofungin,DWVRRVTL,3.066469466846409,0.1159953706395215,0.1315932535161379,1.0,resistant,resistant,resistant
166,caspofungin,DWVRRY*L,0.0055668270067457,0.2295175022839511,0.1028445196362412,0.0,WT-like,WT-like,sensitive
167,caspofungin,DWVRRYAL,0.2822786460275748,1.5177497006066183,0.1690490339484986,0.0,WT-like,WT-like,sensitive
168,caspofungin,DWVRRYCL,-0.2036846487998325,0.3073656543472576,0.4027143119121573,0.0,WT-like,WT-like,sensitive
169,caspofungin,DWVRRYIL,-0.2562081274861767,0.457570446210588,0.1273191382515033,0.0,WT-like,WT-like,sensitive
170,caspofungin,DWVRRYKL,-0.0930231545535589,0.2956438271602643,0.2146861447486125,0.0,WT-like,WT-like,sensitive
171,caspofungin,DWVRRYLL,-0.0922024758171522,0.7139393623638753,0.0447149265687168,0.0,WT-like,WT-like,sensitive
172,caspofungin,DWVRRYML,0.077276098444917,0.4062536298765643,0.0933127590740344,0.0,WT-like,WT-like,sensitive
173,caspofungin,DWVRRYQL,-0.081867975273185,0.4218420419593196,0.1404715362515141,0.0,WT-like,WT-like,sensitive
174,caspofungin,DWVRRYSL,-0.248764573060475,0.2228503317471601,0.2562523676439973,0.0,WT-like,WT-like,sensitive
175,caspofungin,DWVRRYT*,0.0038401804365135,0.2781095429229951,0.0173558686354305,0.0,WT-like,WT-like,sensitive
176,caspofungin,DWVRRYTF,-0.0574018388389427,0.3193203252800401,0.0748907850107222,0.0,WT-like,WT-like,sensitive
177,caspofungin,DWVRRYTG,1.888241509213901,0.0047750549868603,0.1858507937978002,2.0,intermediary,intermediary,resistant
178,caspofungin,DWVRRYTH,1.927713660927807,0.0775954101796709,0.1267104015681841,2.0,intermediary,intermediary,resistant
179,caspofungin,DWVRRYTI,-0.3284491452859539,0.0473673771952355,0.1416109658423491,0.0,WT-like,WT-like,sensitive
180,caspofungin,DWVRRYTK,3.2150239319373224,0.0945203019519902,0.0198649200604905,1.0,resistant,resistant,resistant
181,caspofungin,DWVRRYTL,-0.1821044612268603,0.1364003357914457,0.1294686939325467,0.0,WT-like,WT-like,sensitive
182,caspofungin,DWVRRYTM,-0.1584047446050169,0.3172275580665596,0.0640411750652023,0.0,WT-like,WT-like,sensitive
183,caspofungin,DWVRRYTN,1.7773522364072831,0.0580948781220922,0.1808796142850648,2.0,intermediary,intermediary,resistant
184,caspofungin,DWVRRYTS,0.0154641331856428,0.3102781771269395,0.1055193832248822,0.0,WT-like,WT-like,sensitive
185,caspofungin,DWVRRYTT,-0.2475774105846655,0.0790220380266197,0.3208652723792723,0.0,WT-like,WT-like,sensitive
186,caspofungin,DWVRRYTW,2.4763782945907646,0.1505610592395894,0.0983173086074993,1.0,resistant,resistant,resistant
187,caspofungin,DWVRRYTY,-0.0399878702325464,0.2361200836705827,0.1887622874966887,0.0,WT-like,WT-like,sensitive
188,caspofungin,DWVRRYVL,-0.3871611054168298,0.2088928500462129,0.1256251114166972,0.0,WT-like,WT-like,sensitive
189,caspofungin,DWVRRYWL,-0.3759332500709589,0.2334472654620262,0.5008739213387944,0.0,WT-like,WT-like,sensitive
190,caspofungin,DWVRSYTL,2.2129480466452818,0.0358649334707745,0.245255291413577,1.0,resistant,intermediary,resistant
191,caspofungin,DWVRTYTL,2.739457683480169,0.0714342147241939,0.1544078151136894,1.0,resistant,resistant,resistant
192,caspofungin,DWVRVYTL,0.4071721397360879,0.2956969740439193,0.0251832019554623,2.0,intermediary,intermediary,resistant
193,caspofungin,DWVRWYTL,2.7483674668472955,0.062615309427418,0.2037372441171601,1.0,resistant,resistant,resistant
194,caspofungin,DWVSRYTL,-0.0413434093522054,0.14138362685137,0.0708742877908979,0.0,WT-like,WT-like,sensitive
195,caspofungin,DWVTRYTL,0.0292123889032609,0.3894608212113439,0.0440865081565635,0.0,WT-like,WT-like,sensitive
196,caspofungin,DWVVRYTL,-0.3702787174766642,0.0847873755617997,0.4497557804549632,0.0,WT-like,WT-like,sensitive
197,caspofungin,DWVWRYTL,-0.2344425720012086,0.1559242283487811,0.1023407223778009,0.0,WT-like,WT-like,sensitive
198,caspofungin,DWVYRYTL,-0.1236619763008595,0.1085681368057916,0.3405904474896344,0.0,WT-like,WT-like,sensitive
199,caspofungin,DWWRRYTL,-0.2625819767830513,0.4161819041794299,1.1770822610416591,0.0,WT-like,WT-like,sensitive
200,caspofungin,DWYRRYTL,-0.1043817270992772,0.0452497707508293,0.1683337706119293,0.0,WT-like,WT-like,sensitive
201,caspofungin,DYVRRYTL,-0.3596153425704922,0.5499345796798397,1.270890551373257,0.0,WT-like,WT-like,sensitive
202,caspofungin,FWVRRYTL,-0.223140968839683,0.2221367342490838,0.1040630528472656,0.0,WT-like,WT-like,sensitive
203,caspofungin,GWVRRYTL,-0.1939848836160749,0.2743901829531692,0.1531184637270854,0.0,WT-like,WT-like,sensitive
204,caspofungin,IWVRRYTL,-0.5883893267095459,0.0997554000231673,0.5501151615798924,0.0,WT-like,WT-like,sensitive
205,caspofungin,KWVRRYTL,0.3910094150012577,0.2835618189690954,0.1107485881753957,2.0,intermediary,intermediary,resistant
206,caspofungin,LWVRRYTL,-0.1185209662075741,0.4800468831647732,0.0844171643949054,0.0,WT-like,WT-like,sensitive
207,caspofungin,MWVRRYTL,-0.315814485335284,0.0500922869411085,0.0722529027788024,0.0,WT-like,WT-like,sensitive
208,caspofungin,NWVRRYTL,-0.0621595133920229,0.169034155695781,0.1015783176642287,0.0,WT-like,WT-like,sensitive
209,caspofungin,PWVRRYTL,-0.4263526433204032,0.0508362056973281,0.3344978816068253,0.0,WT-like,WT-like,sensitive
210,caspofungin,RWVRRYTL,-0.1231490758821203,0.2306649137870936,0.2547606571451591,0.0,WT-like,WT-like,sensitive
211,caspofungin,TWVRRYTL,-0.1160594349914839,0.1219446470792735,0.1639416344128468,0.0,WT-like,WT-like,sensitive
212,caspofungin,VWVRRYTL,-0.0354567986970466,1.6884343543646527,0.2377526299056611,0.0,WT-like,WT-like,sensitive
213,caspofungin,YWVRRYTL,-0.2548412020495072,0.3092545897612121,0.0668351770989507,0.0,WT-like,WT-like,sensitive
214,micafungin,*WVRRYTL,-0.3101957491546872,0.0186651616773875,0.4335709985376457,0.0,WT-like,WT-like,sensitive
215,micafungin,AWVRRYTL,-0.4760859655193377,0.0171826004408529,0.0080434720931129,0.0,WT-like,WT-like,sensitive
216,micafungin,CWVRRYTL,-0.5163246188800636,0.2137432541168291,0.6597604332811875,0.0,WT-like,WT-like,sensitive
217,micafungin,DAVRRYTL,-0.2740100842459885,0.3091350932168274,0.2041797837965292,0.0,WT-like,WT-like,sensitive
218,micafungin,DFVRRYTL,-0.0839919161520319,0.2943875872859693,0.2450501746640531,0.0,WT-like,WT-like,sensitive
219,micafungin,DGVRRYTL,0.4964528289691408,0.4983580785750369,0.1752239837964311,2.0,intermediary,intermediary,resistant
220,micafungin,DKVRRYTL,-0.260849535063135,0.2842090100541382,0.1161520257399529,0.0,WT-like,WT-like,sensitive
221,micafungin,DLVRRYTL,-0.1042977719422608,0.115275814266109,0.3051115716639015,0.0,WT-like,WT-like,sensitive
222,micafungin,DMVRRYTL,-0.2648107100167751,0.1107052991786771,0.1887148085018035,0.0,WT-like,WT-like,sensitive
223,micafungin,DNVRRYTL,-0.3823421453222455,0.0599173467462252,0.1830355973584303,0.0,WT-like,WT-like,sensitive
224,micafungin,DPVRRYTL,-0.323556461124213,0.1456402139759174,0.2104278550602909,0.0,WT-like,WT-like,sensitive
225,micafungin,DRVRRYTL,1.4808399002714174,0.2103558905293443,0.0258211920527633,2.0,intermediary,intermediary,resistant
226,micafungin,DSVRRYTL,-0.29382460004964,0.2108402959334849,0.3620011764494018,0.0,WT-like,WT-like,sensitive
227,micafungin,DTVRRYTL,0.3870260761244577,0.03393284195946,0.0593268071348995,2.0,intermediary,intermediary,resistant
228,micafungin,DWFRRYTL,-0.4734301503632379,0.0623341884735324,0.153680627024168,0.0,WT-like,WT-like,sensitive
229,micafungin,DWGRRYTL,-0.4611761207568052,0.0984894903338111,0.1668666432394627,0.0,WT-like,WT-like,sensitive
230,micafungin,DWIRRYTL,-0.3570186585718726,0.1719665833528848,0.4657052814560953,0.0,WT-like,WT-like,sensitive
231,micafungin,DWKRRYTL,-0.5577174401192431,0.3846630354010746,0.0789931352977432,0.0,WT-like,WT-like,sensitive
232,micafungin,DWLRRYTL,-0.5256563633044826,0.1799072931926862,0.248295135504272,0.0,WT-like,WT-like,sensitive
233,micafungin,DWMRRYTL,-0.4831545642776835,0.0991138126321824,0.1489993571381963,0.0,WT-like,WT-like,sensitive
234,micafungin,DWNRRYTL,-0.6100458230176469,0.043997218831465,0.2279275651146524,0.0,WT-like,WT-like,sensitive
235,micafungin,DWPRRYTL,2.646041110927511,0.0982244907181622,0.2390867059133916,1.0,resistant,resistant,resistant
236,micafungin,DWQRRYTL,-0.1982693062059166,0.3587954747539462,0.0105878075165407,0.0,WT-like,WT-like,sensitive
237,micafungin,DWRRRYTL,-0.4444012228305298,0.2828327955813624,0.5586064736144868,0.0,WT-like,WT-like,sensitive
238,micafungin,DWSRRYTL,-0.6138563233226271,0.2668901577863954,0.3375448793873621,0.0,WT-like,WT-like,sensitive
239,micafungin,DWTRRYTL,-0.1412169603887449,0.4205071866906177,0.0205423081519576,0.0,WT-like,WT-like,sensitive
240,micafungin,DWV*RYTL,-0.1513938227032429,0.0965071142166048,0.208044823480317,0.0,WT-like,WT-like,sensitive
241,micafungin,DWVARYTL,-0.3624842716145282,0.0868475112036303,0.0878478299503656,0.0,WT-like,WT-like,sensitive
242,micafungin,DWVCRYTL,-0.164561201574519,0.3131311261884306,0.005469498689497,0.0,WT-like,WT-like,sensitive
243,micafungin,DWVDRYTL,-0.1286746952196558,0.567343495390929,0.0168417246433292,0.0,WT-like,WT-like,sensitive
244,micafungin,DWVERYTL,-0.2776348020740862,0.1812772738597495,0.041633964395253,0.0,WT-like,WT-like,sensitive
245,micafungin,DWVIRYTL,-0.2738526989087859,0.0904252099176253,0.2875881944196461,0.0,WT-like,WT-like,sensitive
246,micafungin,DWVKRYTL,-0.2033643762311823,0.0607629821122132,0.156320880111034,0.0,WT-like,WT-like,sensitive
247,micafungin,DWVLRYTL,-0.3428789406795287,0.1067349692286244,0.0750310043458268,0.0,WT-like,WT-like,sensitive
248,micafungin,DWVMRYTL,-0.3761602968286957,0.1426314128305672,0.1379432106948787,0.0,WT-like,WT-like,sensitive
249,micafungin,DWVPRYTL,-0.3093664169623349,0.2262937850004499,0.1278300727974512,0.0,WT-like,WT-like,sensitive
250,micafungin,DWVR*YTL,-0.2314907127537111,0.0171561362688066,0.2747089795654391,0.0,WT-like,WT-like,sensitive
251,micafungin,DWVRCYTL,2.039922012707561,0.0014177543458249,0.2434948995158006,1.0,resistant,intermediary,resistant
252,micafungin,DWVRFYTL,2.852981482469957,0.0863633722579586,0.2968456900738219,1.0,resistant,resistant,resistant
253,micafungin,DWVRHYTL,2.2318465427838605,0.0765245104347398,0.2336640926268884,1.0,resistant,intermediary,resistant
254,micafungin,DWVRIYTL,-0.2745544220604601,0.1281694088661049,0.3416324951088118,0.0,WT-like,WT-like,sensitive
255,micafungin,DWVRKYTL,-0.2836826031275088,0.1030503460733046,0.2197820439441032,0.0,WT-like,WT-like,sensitive
256,micafungin,DWVRLYTL,0.1834161621603403,0.059540803463361,0.2648810176975131,2.0,intermediary,intermediary,resistant
257,micafungin,DWVRMYTL,2.904507904697951,0.1986289950653699,0.2065300019770539,1.0,resistant,resistant,resistant
258,micafungin,DWVRNYTL,2.271788548423282,0.030752755914722,0.2928343007352771,1.0,resistant,intermediary,resistant
259,micafungin,DWVRPYTL,-0.3147376190158287,0.037307850106721,0.2846676618953525,0.0,WT-like,WT-like,sensitive
260,micafungin,DWVRQYTL,2.811027856480738,0.1567189979820096,0.2304615100840275,1.0,resistant,resistant,resistant
261,micafungin,DWVRR*TL,-0.1482780715610274,0.2789924685242382,0.3061354410364335,0.0,WT-like,WT-like,sensitive
262,micafungin,DWVRRATL,-0.4821466558184943,0.0337787359065724,0.3843090736297517,0.0,WT-like,WT-like,sensitive
263,micafungin,DWVRRCTL,-0.179512692328283,0.0900100953685725,0.1634931919996551,0.0,WT-like,WT-like,sensitive
264,micafungin,DWVRRETL,-0.1981713584512776,0.1291637538717778,0.1796161810426166,0.0,WT-like,WT-like,sensitive
265,micafungin,DWVRRGTL,-0.2160613412133758,0.5188168892105733,0.2150760331967086,0.0,WT-like,WT-like,sensitive
266,micafungin,DWVRRITL,1.2511513256531666,0.0679221542377979,0.2973409450161091,2.0,intermediary,intermediary,resistant
267,micafungin,DWVRRLTL,-0.2256300723328348,0.0104269330762078,0.0791243096004339,0.0,WT-like,WT-like,sensitive
268,micafungin,DWVRRMTL,-0.384712222734014,0.1135632477044996,0.3256624433487499,0.0,WT-like,WT-like,sensitive
269,micafungin,DWVRRNTL,-0.2605531161220003,0.1218719505112359,0.2831383626878415,0.0,WT-like,WT-like,sensitive
270,micafungin,DWVRRRTL,1.9546095452358456,0.0974624258710767,0.2487670663170029,1.0,resistant,intermediary,resistant
271,micafungin,DWVRRSTL,-0.1943279370981028,0.297862304374488,0.0285106118963671,0.0,WT-like,WT-like,sensitive
272,micafungin,DWVRRVTL,0.0598352769453649,0.0479031301589051,0.0960386466452265,0.0,WT-like,intermediary,resistant
273,micafungin,DWVRRY*L,-0.2432824139863836,0.0658142874323548,0.3293610820396541,0.0,WT-like,WT-like,sensitive
274,micafungin,DWVRRYAL,-1.1677891650962715,0.0446591398305973,0.9226356565620056,2.0,intermediary,WT-like,sensitive
275,micafungin,DWVRRYCL,-0.713912489337861,0.0727530936368665,0.4322760533459632,0.0,WT-like,WT-like,sensitive
276,micafungin,DWVRRYIL,-0.5049348833902925,0.0008445892583637,0.0149685642470948,0.0,WT-like,WT-like,sensitive
277,micafungin,DWVRRYKL,-0.3860252339957224,0.1396140162776376,0.2499887174712759,0.0,WT-like,WT-like,sensitive
278,micafungin,DWVRRYLL,-0.4220248119311551,0.327206492403163,0.0488837646391687,0.0,WT-like,WT-like,sensitive
279,micafungin,DWVRRYML,-0.1420213130033423,0.0199531058361603,0.2667609242666021,0.0,WT-like,WT-like,sensitive
280,micafungin,DWVRRYQL,-0.4633572922964295,0.165506682590824,0.2314940180510857,0.0,WT-like,WT-like,sensitive
281,micafungin,DWVRRYSL,-0.5635368627465278,0.0960189320302259,0.1182145279675352,0.0,WT-like,WT-like,sensitive
282,micafungin,DWVRRYT*,-0.165522503627719,0.0905606798636451,0.2646258995401991,0.0,WT-like,WT-like,sensitive
283,micafungin,DWVRRYTF,0.2149581844433437,0.0049447948746673,0.2772964429415098,2.0,intermediary,intermediary,resistant
284,micafungin,DWVRRYTG,-0.3810973389292487,0.4349081970558218,0.2130736204697597,0.0,WT-like,WT-like,sensitive
285,micafungin,DWVRRYTH,-0.3746436700013071,0.0469338703923382,0.3192411610241238,0.0,WT-like,WT-like,sensitive
286,micafungin,DWVRRYTI,-0.5750228376236435,0.0342864597124175,0.1726774708442758,0.0,WT-like,WT-like,sensitive
287,micafungin,DWVRRYTK,2.843597621055803,0.0071455081538798,0.0002376339277976,1.0,resistant,resistant,resistant
288,micafungin,DWVRRYTL,-0.1991509269935074,0.1225290336713605,0.0156933362587394,0.0,WT-like,WT-like,sensitive
289,micafungin,DWVRRYTM,-0.3163233848236211,0.2724819200153062,0.07140951281272,0.0,WT-like,WT-like,sensitive
290,micafungin,DWVRRYTN,-0.2611543265338885,0.0005598925432983,0.252326848211682,0.0,WT-like,WT-like,sensitive
291,micafungin,DWVRRYTS,-0.1780595962906477,0.0309318715519359,0.3219577306042341,0.0,WT-like,WT-like,sensitive
292,micafungin,DWVRRYTT,-0.2936522048416876,0.1656437226964831,0.2940677616391081,0.0,WT-like,WT-like,sensitive
293,micafungin,DWVRRYTW,1.96689444482868,0.0897742807274644,0.2227641574575649,1.0,resistant,intermediary,resistant
294,micafungin,DWVRRYTY,0.907907132778261,0.1892986785879483,0.2273587175363464,2.0,intermediary,intermediary,resistant
295,micafungin,DWVRRYVL,-0.5389463148730513,0.3315801195410542,0.3124856036853957,0.0,WT-like,WT-like,sensitive
296,micafungin,DWVRRYWL,-0.2196324758484424,0.0307792873682127,0.090981421916624,0.0,WT-like,WT-like,sensitive
297,micafungin,DWVRSYTL,2.073722156907966,0.0016983750691239,0.3326631230621624,1.0,resistant,intermediary,resistant
298,micafungin,DWVRTYTL,2.4096742350915843,0.0715934697204856,0.2525455882160266,1.0,resistant,resistant,resistant
299,micafungin,DWVRVYTL,-0.1670027968215122,0.0615876137511842,0.1904136614617136,0.0,WT-like,WT-like,sensitive
300,micafungin,DWVRWYTL,2.6059751809827816,0.0498240355322043,0.282519548835765,1.0,resistant,resistant,resistant
301,micafungin,DWVSRYTL,-0.2342583863266762,0.0640622696569053,0.2721376695601071,0.0,WT-like,WT-like,sensitive
302,micafungin,DWVTRYTL,-0.2383645314727859,0.1320828003487797,0.188140490603863,0.0,WT-like,WT-like,sensitive
303,micafungin,DWVVRYTL,-0.5761628806741528,0.0092396336649638,0.3473607478889805,0.0,WT-like,WT-like,sensitive
304,micafungin,DWVWRYTL,-0.4351062965491932,0.0325677398011926,0.0587084155614763,0.0,WT-like,WT-like,sensitive
305,micafungin,DWVYRYTL,-0.2698529658692119,0.0471524116394884,0.2628433884991862,0.0,WT-like,WT-like,sensitive
306,micafungin,DWWRRYTL,-0.6220634007578916,0.1223735076365226,1.0661884054537951,0.0,WT-like,WT-like,sensitive
307,micafungin,DWYRRYTL,-0.4068634994866988,0.4744483383189996,0.7704078906065402,0.0,WT-like,WT-like,sensitive
308,micafungin,DYVRRYTL,-0.0618850779054234,0.223778384776466,0.5091535387985398,0.0,WT-like,WT-like,sensitive
309,micafungin,FWVRRYTL,-0.3408980367235144,0.2164395436498373,0.0371353401351016,0.0,WT-like,WT-like,sensitive
310,micafungin,GWVRRYTL,-0.6304393414355798,0.0017245160057032,0.5497914885056658,0.0,WT-like,WT-like,sensitive
311,micafungin,IWVRRYTL,-0.6208849091901079,0.0808882476009177,0.365077250002163,0.0,WT-like,WT-like,sensitive
312,micafungin,KWVRRYTL,0.195468575086017,0.982133640960126,0.106658948155497,2.0,intermediary,intermediary,resistant
313,micafungin,LWVRRYTL,-0.4827229295300737,0.1679130448575008,0.2441295320437142,0.0,WT-like,WT-like,sensitive
314,micafungin,MWVRRYTL,-0.4486710233966064,0.010759569914844,0.1378952042749654,0.0,WT-like,WT-like,sensitive
315,micafungin,NWVRRYTL,-0.2131555710766046,0.0919439865248646,0.2404477976031167,0.0,WT-like,WT-like,sensitive
316,micafungin,PWVRRYTL,-0.6117394208120812,0.0255021452900354,0.4341035059458242,0.0,WT-like,WT-like,sensitive
317,micafungin,RWVRRYTL,-0.4626959953970714,0.2228942899014618,0.1517710269020007,0.0,WT-like,WT-like,sensitive
318,micafungin,TWVRRYTL,-0.2726467006597176,0.0634655854081535,0.1690472419106664,0.0,WT-like,WT-like,sensitive
319,micafungin,VWVRRYTL,-0.3215218220987015,0.1040166621441621,0.0899776597184225,0.0,WT-like,WT-like,sensitive
320,micafungin,YWVRRYTL,-0.4325879230324607,0.0699464609444666,0.0521815026095807,0.0,WT-like,WT-like,sensitive
321,none,*WVRRYTL,0.1346640133350888,0.0387171041729454,0.0698673111606285,0.0,WT-like,WT-like,sensitive
322,none,AWVRRYTL,-0.065600899530711,0.0208148253785911,0.0741188587105453,2.0,WT-like,WT-like,sensitive
323,none,CWVRRYTL,0.0860969073667222,0.1369838193660295,0.0702914010021648,1.0,WT-like,WT-like,sensitive
324,none,DAVRRYTL,0.101489318619752,0.0047274747975936,0.0736116533116985,1.0,WT-like,WT-like,sensitive
325,none,DFVRRYTL,0.0063226444618021,0.0226986061564116,0.0856794753105346,1.0,WT-like,WT-like,sensitive
326,none,DGVRRYTL,-0.0114407931440742,0.0055035395611392,0.0373530477183543,2.0,WT-like,WT-like,sensitive
327,none,DKVRRYTL,0.0546371343720119,0.0403506266780854,0.0964583184229595,1.0,WT-like,WT-like,sensitive
328,none,DLVRRYTL,0.042687402749194,0.0432327667983013,0.1125512469155364,1.0,WT-like,WT-like,sensitive
329,none,DMVRRYTL,0.0713695843216901,0.0228722918413491,0.0855060906983108,1.0,WT-like,WT-like,sensitive
330,none,DNVRRYTL,0.0042451169219343,0.0298854944627698,0.1235916790887477,1.0,WT-like,WT-like,sensitive
331,none,DPVRRYTL,0.1387339872375113,0.0416029363653507,0.0829935300580686,0.0,WT-like,WT-like,sensitive
332,none,DRVRRYTL,-0.0678193270391517,0.2005774001099061,0.0790855018711441,2.0,WT-like,WT-like,sensitive
333,none,DSVRRYTL,0.0992264689461657,0.0520421851641649,0.0217718989857589,1.0,WT-like,WT-like,sensitive
334,none,DTVRRYTL,0.0683965851239945,0.0124458227179812,0.1042334563826982,1.0,WT-like,WT-like,sensitive
335,none,DWFRRYTL,-0.0022452621991371,0.0364093348985716,0.1119367539280795,2.0,WT-like,WT-like,sensitive
336,none,DWGRRYTL,0.0957689151150658,0.0591746277780581,0.022241390388926,1.0,WT-like,WT-like,sensitive
337,none,DWIRRYTL,0.004024392395262,0.0298498189702912,0.0933212193590274,1.0,WT-like,WT-like,sensitive
338,none,DWKRRYTL,0.0,0.0397393908508056,0.1255199937320085,1.0,WT-like,WT-like,sensitive
339,none,DWLRRYTL,0.0581397697768384,0.0396098099940395,0.0939562659605601,1.0,WT-like,WT-like,sensitive
340,none,DWMRRYTL,0.0006893342645753,0.0727382445954865,0.0668108473015316,1.0,WT-like,WT-like,sensitive
341,none,DWNRRYTL,0.1145047733624748,0.096456935445655,0.010631566071332,0.0,WT-like,WT-like,sensitive
342,none,DWPRRYTL,0.1515634222802243,0.0563923328722284,0.0895266165743686,0.0,WT-like,WT-like,sensitive
343,none,DWQRRYTL,-0.0236647508800372,0.0778710762318747,0.0129981200980311,2.0,WT-like,WT-like,sensitive
344,none,DWRRRYTL,0.1683580352556998,0.2357200565212966,0.0361196184623158,0.0,WT-like,WT-like,sensitive
345,none,DWSRRYTL,-0.1442388146777124,0.0380930068297155,0.0778641996815846,2.0,WT-like,slightly deleterious,sensitive
346,none,DWTRRYTL,0.0416044336029482,0.1247594678187228,0.093461673205031,1.0,WT-like,WT-like,sensitive
347,none,DWV*RYTL,0.1839371594023223,0.0657749097514926,0.0944717496541894,0.0,WT-like,WT-like,sensitive
348,none,DWVARYTL,0.1597671449648218,0.106405149805649,0.0115510969535276,0.0,WT-like,WT-like,sensitive
349,none,DWVCRYTL,0.0088168671969706,0.0416447214713691,0.1379401217612569,1.0,WT-like,WT-like,sensitive
350,none,DWVDRYTL,0.1044739501901639,0.1242020274671901,0.3362749429918183,1.0,WT-like,WT-like,sensitive
351,none,DWVERYTL,-0.0121644357475416,0.0190666425273675,0.1161996578319324,2.0,WT-like,WT-like,sensitive
352,none,DWVIRYTL,0.1007416613839317,0.0078211545717842,0.0964569998065001,1.0,WT-like,WT-like,sensitive
353,none,DWVKRYTL,0.0522073563863313,0.0585787245781496,0.1022314663399159,1.0,WT-like,WT-like,sensitive
354,none,DWVLRYTL,0.0477498572170133,0.0379145247707553,0.0791361518030736,1.0,WT-like,WT-like,sensitive
355,none,DWVMRYTL,0.0758271300297627,0.0812647338510044,0.0860991401833348,1.0,WT-like,WT-like,sensitive
356,none,DWVPRYTL,0.1001444009202609,0.0960769391153852,0.0046404036165267,1.0,WT-like,WT-like,sensitive
357,none,DWVR*YTL,0.19002819773777,0.0754462388068944,0.0679534410413204,0.0,WT-like,WT-like,sensitive
358,none,DWVRCYTL,0.151509079222449,0.0977128551435473,0.0380560405138063,0.0,WT-like,WT-like,sensitive
359,none,DWVRFYTL,0.1505608920546696,0.0891755939390188,0.055500167212007,0.0,WT-like,WT-like,sensitive
360,none,DWVRHYTL,0.1300207944325876,0.0792067482004164,0.0595158484849869,0.0,WT-like,WT-like,sensitive
361,none,DWVRIYTL,0.123949225673258,0.0795011757035116,0.0133347002729873,0.0,WT-like,WT-like,sensitive
362,none,DWVRKYTL,0.1552962534292227,0.0950066573306494,0.0364564315004751,0.0,WT-like,WT-like,sensitive
363,none,DWVRLYTL,0.0343246839466201,0.0488188406681512,0.0997328715355347,1.0,WT-like,WT-like,sensitive
364,none,DWVRMYTL,0.0626366993847385,0.0587493911861063,0.071479839894231,1.0,WT-like,WT-like,sensitive
365,none,DWVRNYTL,0.1974230294891599,0.1012292209456577,0.0518785781314043,0.0,WT-like,WT-like,sensitive
366,none,DWVRPYTL,0.0826601358992009,0.1031700275790611,0.0457502747002759,1.0,WT-like,WT-like,sensitive
367,none,DWVRQYTL,0.012666670933391,0.0146504735962356,0.1021378760161186,1.0,WT-like,WT-like,sensitive
368,none,DWVRR*TL,0.1636831440311164,0.0413782326563488,0.1103356726655618,0.0,WT-like,WT-like,sensitive
369,none,DWVRRATL,0.0782434375367793,0.0694207050533367,0.0346677414217351,1.0,WT-like,WT-like,sensitive
370,none,DWVRRCTL,0.0632540183496101,0.0408776314272657,0.091538751497191,1.0,WT-like,WT-like,sensitive
371,none,DWVRRETL,0.0068818827477778,0.0485016996428305,0.0197455179401586,1.0,WT-like,WT-like,sensitive
372,none,DWVRRGTL,0.0936849902230941,0.1033332540402462,0.1323803598920579,1.0,WT-like,WT-like,sensitive
373,none,DWVRRITL,-0.0251100578455434,0.0219872323408041,0.0122983409931017,2.0,WT-like,WT-like,sensitive
374,none,DWVRRLTL,0.0838408737706062,0.03779745340473,0.0797632407418129,1.0,WT-like,WT-like,sensitive
375,none,DWVRRMTL,0.0406037115814281,0.0226486983761211,0.0862120456752411,1.0,WT-like,WT-like,sensitive
376,none,DWVRRNTL,0.0904835151814389,0.0996167152567833,0.0034110727774127,1.0,WT-like,WT-like,sensitive
377,none,DWVRRRTL,-0.1081629075937293,0.001033700272746,0.1251035469888832,2.0,WT-like,WT-like,sensitive
378,none,DWVRRSTL,0.0432565468110484,0.0025095128715392,0.0940685853426167,1.0,WT-like,WT-like,sensitive
379,none,DWVRRVTL,0.1072080827377024,0.1015957357994356,0.0075182309745152,1.0,WT-like,WT-like,sensitive
380,none,DWVRRY*L,0.1568057770087587,0.0409383639505013,0.0927418955072063,0.0,WT-like,WT-like,sensitive
381,none,DWVRRYAL,0.0285959849794265,0.0258124147916032,0.1424179276504568,1.0,WT-like,WT-like,sensitive
382,none,DWVRRYCL,0.0124083443628126,0.0860186035266214,0.0142182857471136,1.0,WT-like,WT-like,sensitive
383,none,DWVRRYIL,0.069398686229557,0.008406268689716,0.0811042633380934,1.0,WT-like,WT-like,sensitive
384,none,DWVRRYKL,0.066804840984179,0.0394906174857022,0.0695650523308744,1.0,WT-like,WT-like,sensitive
385,none,DWVRRYLL,0.0105672890223636,0.0357847948713388,0.0834064796103037,1.0,WT-like,WT-like,sensitive
386,none,DWVRRYML,0.1790055620748576,0.0312609016629305,0.0862789963045709,0.0,WT-like,WT-like,sensitive
387,none,DWVRRYQL,0.0667805225421536,0.0462603245265199,0.0642257825729724,1.0,WT-like,WT-like,sensitive
388,none,DWVRRYSL,0.0528701740239023,0.0632114243669126,0.0978753090299841,1.0,WT-like,WT-like,sensitive
389,none,DWVRRYT*,0.2023704816078969,0.1058941729072524,0.0607821418987682,0.0,WT-like,WT-like,sensitive
390,none,DWVRRYTF,0.111470781480984,0.0784556875121218,0.0048619893400993,1.0,WT-like,WT-like,sensitive
391,none,DWVRRYTG,0.0353582281218992,0.0347360170656656,0.0624327670789178,1.0,WT-like,WT-like,sensitive
392,none,DWVRRYTH,0.1371277601762923,0.0941917348353315,0.0688868875131389,0.0,WT-like,WT-like,sensitive
393,none,DWVRRYTI,0.1016066256680826,0.0835639806314298,0.0473418930938661,1.0,WT-like,WT-like,sensitive
394,none,DWVRRYTK,-0.0744332460402436,0.0341085185130461,0.1989603308409614,2.0,WT-like,WT-like,sensitive
395,none,DWVRRYTL,0.0194094069571594,0.0320206563947931,0.0741298909132573,1.0,WT-like,WT-like,sensitive
396,none,DWVRRYTM,0.0380296720823387,0.0403979890463158,0.0832519625749516,1.0,WT-like,WT-like,sensitive
397,none,DWVRRYTN,0.0846677713008972,0.0847090792097653,0.0222623612169395,1.0,WT-like,WT-like,sensitive
398,none,DWVRRYTS,0.2475107536990389,0.0513332950118697,0.0429150115586903,0.0,WT-like,WT-like,sensitive
399,none,DWVRRYTT,0.1045473309234361,0.0850201388411782,0.0248036245557841,1.0,WT-like,WT-like,sensitive
400,none,DWVRRYTW,0.0781936150213551,0.0068304569331894,0.0963997404159182,1.0,WT-like,WT-like,sensitive
401,none,DWVRRYTY,0.0400434228441037,0.0436107554837692,0.0643018897419571,1.0,WT-like,WT-like,sensitive
402,none,DWVRRYVL,0.0595770521643647,0.0909878822931813,0.0460027905192223,1.0,WT-like,WT-like,sensitive
403,none,DWVRRYWL,0.0889303789784301,0.0498166064457851,0.0035874003146516,1.0,WT-like,WT-like,sensitive
404,none,DWVRSYTL,0.0330366244423222,0.0548493406936443,0.0807948210342985,1.0,WT-like,WT-like,sensitive
405,none,DWVRTYTL,0.168739914105538,0.0740001373285625,0.0369965117963076,0.0,WT-like,WT-like,sensitive
406,none,DWVRVYTL,0.0787800205850925,0.0188562125008184,0.1274537052347185,1.0,WT-like,WT-like,sensitive
407,none,DWVRWYTL,0.2598064431544951,0.113043978636645,0.0107349784921021,0.0,WT-like,WT-like,sensitive
408,none,DWVSRYTL,0.1532341571550058,0.0868299042612505,0.0285036408560682,0.0,WT-like,WT-like,sensitive
409,none,DWVTRYTL,0.1981778401207369,0.0827944329832633,0.0327295927096613,0.0,WT-like,WT-like,sensitive
410,none,DWVVRYTL,0.1588972825457869,0.1626178720808809,0.0018146479576802,0.0,WT-like,WT-like,sensitive
411,none,DWVWRYTL,0.0993075211517048,0.0835400430378853,0.0320059659337397,1.0,WT-like,WT-like,sensitive
412,none,DWVYRYTL,0.1450938943908582,0.0368655792943607,0.0350163011943591,0.0,WT-like,WT-like,sensitive
413,none,DWWRRYTL,0.0994968877087388,0.0945220433233018,0.1119490978931249,1.0,WT-like,WT-like,sensitive
414,none,DWYRRYTL,0.2842404394478505,0.340941572982502,0.098838157576404,0.0,WT-like,WT-like,sensitive
415,none,DYVRRYTL,-0.0675435795258449,0.069603276657549,0.184494780008302,2.0,WT-like,WT-like,sensitive
416,none,FWVRRYTL,0.066873721075508,0.0482435400780642,0.0767794878361421,1.0,WT-like,WT-like,sensitive
417,none,GWVRRYTL,0.0570411486760804,0.0395987809019629,0.1069428602969655,1.0,WT-like,WT-like,sensitive
418,none,IWVRRYTL,0.0250071669992116,0.0051749712464004,0.0956111387569076,1.0,WT-like,WT-like,sensitive
419,none,KWVRRYTL,0.1791674769563563,0.1528984862132847,0.0969114626757507,0.0,WT-like,WT-like,sensitive
420,none,LWVRRYTL,0.0540118569684203,0.0185702464215246,0.0664360916972208,1.0,WT-like,WT-like,sensitive
421,none,MWVRRYTL,0.0198180908605987,0.0391504076084232,0.0059862786734782,1.0,WT-like,WT-like,sensitive
422,none,NWVRRYTL,0.1533584160425103,0.0804303949567994,0.0730157261836196,0.0,WT-like,WT-like,sensitive
423,none,PWVRRYTL,0.0470289879408627,0.0023788934302413,0.0985332816963124,1.0,WT-like,WT-like,sensitive
424,none,RWVRRYTL,0.0355564320489692,0.0380808957404101,0.0601717977235478,1.0,WT-like,WT-like,sensitive
425,none,TWVRRYTL,0.0674437021402482,0.0169055272471217,0.0877840741365415,1.0,WT-like,WT-like,sensitive
426,none,VWVRRYTL,0.0919870018242804,0.0610514561780888,0.0381237931247969,1.0,WT-like,WT-like,sensitive
427,none,YWVRRYTL,0.1662007238054982,0.0492882550142171,0.0406779942532742,0.0,WT-like,WT-like,sensitive
