aa_pos,alt_aa,s,sensres
1372,D,0.0004825906769994,sensitive
1373,W,0.0004825906769994,sensitive
1374,V,0.0004825906769994,sensitive
1375,R,0.0004825906769994,sensitive
1376,R,0.0004825906769994,sensitive
1377,Y,0.0004825906769994,sensitive
1378,T,0.0004825906769994,sensitive
1379,L,0.0004825906769994,sensitive
1373,*,-0.6500210001355702,sensitive
1373,C,-0.0855915981169266,sensitive
1373,D,-0.2516795808977729,sensitive
1373,F,0.0133060361230645,sensitive
1373,I,-0.0365518420563372,sensitive
1373,K,-0.0437869619974465,sensitive
1373,L,-0.0388830813774182,sensitive
1373,M,-0.0211278578634355,sensitive
1373,R,-0.0223028040137518,sensitive
1373,S,-0.0315148330940474,sensitive
1373,T,-0.0224805425305481,sensitive
1373,V,-0.0456653998359926,sensitive
1374,A,0.0008416882660279,sensitive
1374,C,0.005534528514875,sensitive
1374,D,-0.6387132389788301,sensitive
1374,E,-0.0045704727410739,sensitive
1374,F,-0.0405205996398302,sensitive
1374,H,-0.0548231704094445,sensitive
1374,I,-0.0014086854107035,sensitive
1374,K,-0.2080487763273704,sensitive
1374,L,-3.548881322746472e-06,sensitive
1374,M,-0.0183415767017684,sensitive
1374,Q,-0.0333152535461672,sensitive
1374,R,-0.1403074966116536,sensitive
1374,S,-0.0052554483046871,sensitive
1374,T,-0.002223331793635,sensitive
1375,*,-0.6193103561937839,sensitive
1375,A,-0.4222693017310468,sensitive
1375,C,-0.0634177687712405,sensitive
1375,F,-0.0697093946360126,sensitive
1375,H,-0.0413173702494903,sensitive
1375,L,-0.0787311700441364,sensitive
1375,M,-0.0657749977628514,sensitive
1375,N,-0.5124579084621108,sensitive
1375,P,-0.041763132752454,sensitive
1375,Q,-0.0553005399816086,sensitive
1376,*,-0.7432389383755625,deleterious
1376,A,-0.1857105681350835,sensitive
1376,C,-0.0972435900266281,sensitive
1376,E,-0.0717515126874744,sensitive
1376,F,-0.0774436619575722,sensitive
1376,I,-0.0774735015594461,sensitive
1376,K,-0.0044141073135551,sensitive
1376,L,-0.0059555763320512,sensitive
1376,M,-0.0178544895517966,sensitive
1376,N,-0.0783030832179493,sensitive
1376,P,-0.0017847363168862,sensitive
1376,Q,-0.0960318185042875,sensitive
1377,*,-0.6540325118727147,sensitive
1377,C,0.0058119786665282,sensitive
1377,D,-0.0342392713023074,sensitive
1377,F,-0.5644871110759244,sensitive
1377,G,0.020632934164504,sensitive
1377,K,-0.0509739990794749,sensitive
1377,L,-0.0192118254606264,sensitive
1377,P,-0.01226316464919,sensitive
1377,Q,-0.0185311750696017,sensitive
1377,R,-0.0713079137585171,sensitive
1377,S,-0.0085933108941945,sensitive
1377,T,-0.0028429707821805,sensitive
1377,W,-0.028890935544849,sensitive
1378,*,-0.666397936860253,sensitive
1378,A,0.0435475911139705,sensitive
1378,C,-0.6077523354885489,sensitive
1378,D,-0.0319699528393808,sensitive
1378,F,-0.0714381577426695,sensitive
1378,G,0.015179636004633,sensitive
1378,H,-0.0564371587800368,sensitive
1378,I,-0.0451125594718542,sensitive
1378,L,-0.0470917252449453,sensitive
1378,M,-0.0313522061966804,sensitive
1378,N,-0.0404866722059879,sensitive
1378,P,0.0998682443974373,sensitive
1378,Q,-0.0631023924548113,sensitive
1378,R,-0.1905653918997071,sensitive
1378,S,0.0346146042841916,sensitive
1379,*,-0.7265064078257593,deleterious
1379,D,-0.0145447820068372,sensitive
1379,F,0.0194651472733153,sensitive
1379,G,-0.0169306974031188,sensitive
1379,H,-0.1756550779614523,sensitive
1379,I,-0.3655394246948469,sensitive
1379,K,-0.2356848064745471,sensitive
1379,M,-0.0021658068254137,sensitive
1379,N,-0.0297598688670018,sensitive
1379,P,0.024648927536104,sensitive
1379,Q,0.0208092421651215,sensitive
1379,R,0.0168547647298427,sensitive
1379,S,-0.0092146922151527,sensitive
1379,V,-0.0036664087178863,sensitive
1379,W,-0.080089846945266,sensitive
1379,Y,0.008515672783429,sensitive
1378,V,0.0023322082679154,sensitive
1378,Y,0.0729334821393342,sensitive
1376,S,-0.1673914246409441,sensitive
1376,T,-0.1043622402084179,sensitive
1376,V,-0.0872599042443621,sensitive
1376,W,-0.1456126981334898,sensitive
1376,Y,-0.0734640356056349,sensitive
1375,S,-0.0576963238475096,sensitive
1375,T,-0.0645961977396074,sensitive
1375,V,-0.1179601147642582,sensitive
1375,W,-0.0254425019963484,sensitive
1375,Y,-0.0767363948354496,sensitive
1374,W,-0.459074636273734,sensitive
1374,Y,-0.2547435335520127,sensitive
1373,Y,-0.0319699528394325,sensitive
1372,F,-0.0556696530328654,sensitive
1372,L,-0.0142872853457992,sensitive
1372,M,-0.003677682523285,sensitive
1372,P,-0.0269356948083577,sensitive
1372,Q,-0.0548551004546925,sensitive
1372,R,-0.0463781574447115,sensitive
1372,S,-0.0270349417552371,sensitive
1372,T,-0.0122617996571425,sensitive
1372,V,0.0156008947837457,sensitive
1372,W,-0.6846844408826949,sensitive
1372,Y,-0.0147502111922739,sensitive
